==================================================
LEAN DIAGNOSTIC BUILD LOG
==================================================
Timestamp: 2026-04-20 18:09:27.26
ProjectRoot: E:\Lean\EllipseLab

===== where =====
C:\Users\Naraphim\.elan\bin\lean.exe
C:\Users\Naraphim\.elan\bin\lake.exe
C:\Users\Naraphim\.elan\bin\elan.exe

===== versions =====
Lean (version 4.30.0-rc2, x86_64-w64-windows-gnu, commit 3dc1a088b6d2d8eafe25a7cd7ec7b58d731bd7cc, Release)
Lake version 5.0.0-src+3dc1a08 (Lean version 4.30.0-rc2)
elan 4.2.1 (3d5138e15 2026-03-18)

===== lean-toolchain =====
leanprover/lean4:v4.30.0-rc2

===== lake env =====
ELAN=elan
ELAN_HOME=C:\Users\Naraphim\.elan
ELAN_TOOLCHAIN=leanprover/lean4:v4.30.0-rc2
LAKE=c:\Users\Naraphim\.elan\toolchains\leanprover--lean4---v4.30.0-rc2\bin\lake.exe
LAKE_HOME=c:\Users\Naraphim\.elan\toolchains\leanprover--lean4---v4.30.0-rc2
LAKE_CONFIG=C:\Users\Naraphim\.lake\config.toml
LAKE_PKG_URL_MAP={}
LAKE_NO_CACHE=false
LAKE_CACHE_KEY=
LAKE_CACHE_ARTIFACT_ENDPOINT=
LAKE_CACHE_REVISION_ENDPOINT=
LAKE_CACHE_SERVICE=
LEAN=c:\Users\Naraphim\.elan\toolchains\leanprover--lean4---v4.30.0-rc2\bin\lean.exe
LEAN_SYSROOT=c:\Users\Naraphim\.elan\toolchains\leanprover--lean4---v4.30.0-rc2
LEAN_AR=c:\Users\Naraphim\.elan\toolchains\leanprover--lean4---v4.30.0-rc2\bin\llvm-ar.exe
LEAN_CC=
LAKE_CACHE_DIR=C:\Users\Naraphim\.elan\toolchains\leanprover--lean4---v4.30.0-rc2\lake\cache
LAKE_ARTIFACT_CACHE=
LEAN_PATH=E:\Lean\EllipseLab\.lake\packages\Cli\.lake\build\lib\lean;E:\Lean\EllipseLab\.lake\packages\batteries\.lake\build\lib\lean;E:\Lean\EllipseLab\.lake\packages\Qq\.lake\build\lib\lean;E:\Lean\EllipseLab\.lake\packages\aesop\.lake\build\lib\lean;E:\Lean\EllipseLab\.lake\packages\proofwidgets\.lake\build\lib\lean;E:\Lean\EllipseLab\.lake\packages\importGraph\.lake\build\lib\lean;E:\Lean\EllipseLab\.lake\packages\LeanSearchClient\.lake\build\lib\lean;E:\Lean\EllipseLab\.lake\packages\plausible\.lake\build\lib\lean;E:\Lean\EllipseLab\.lake\packages\mathlib\.lake\build\lib\lean;E:\Lean\EllipseLab\.lake\build\lib\lean;c:\Users\Naraphim\.elan\toolchains\leanprover--lean4---v4.30.0-rc2\lib\lean
LEAN_SRC_PATH=E:\Lean\EllipseLab\.lake\packages\Cli;E:\Lean\EllipseLab\.lake\packages\Cli;E:\Lean\EllipseLab\.lake\packages\batteries;E:\Lean\EllipseLab\.lake\packages\batteries;E:\Lean\EllipseLab\.lake\packages\Qq;E:\Lean\EllipseLab\.lake\packages\Qq;E:\Lean\EllipseLab\.lake\packages\aesop;E:\Lean\EllipseLab\.lake\packages\aesop;E:\Lean\EllipseLab\.lake\packages\proofwidgets;E:\Lean\EllipseLab\.lake\packages\proofwidgets;E:\Lean\EllipseLab\.lake\packages\proofwidgets;E:\Lean\EllipseLab\.lake\packages\importGraph;E:\Lean\EllipseLab\.lake\packages\importGraph;E:\Lean\EllipseLab\.lake\packages\LeanSearchClient;E:\Lean\EllipseLab\.lake\packages\LeanSearchClient;E:\Lean\EllipseLab\.lake\packages\plausible;E:\Lean\EllipseLab\.lake\packages\plausible;E:\Lean\EllipseLab\.lake\packages\mathlib;E:\Lean\EllipseLab\.lake\packages\mathlib;E:\Lean\EllipseLab\.lake\packages\mathlib;E:\Lean\EllipseLab\.lake\packages\mathlib;E:\Lean\EllipseLab\.lake\packages\mathlib;E:\Lean\EllipseLab\.lake\packages\mathlib;E:\Lean\EllipseLab;c:\Users\Naraphim\.elan\toolchains\leanprover--lean4---v4.30.0-rc2\src\lean\lake
LEAN_GITHASH=3dc1a088b6d2d8eafe25a7cd7ec7b58d731bd7cc
PATH=E:\Lean\EllipseLab\.lake\packages\Cli\.lake\build\bin;E:\Lean\EllipseLab\.lake\packages\batteries\.lake\build\bin;E:\Lean\EllipseLab\.lake\packages\Qq\.lake\build\bin;E:\Lean\EllipseLab\.lake\packages\aesop\.lake\build\bin;E:\Lean\EllipseLab\.lake\packages\proofwidgets\.lake\build\bin;E:\Lean\EllipseLab\.lake\packages\importGraph\.lake\build\bin;E:\Lean\EllipseLab\.lake\packages\LeanSearchClient\.lake\build\bin;E:\Lean\EllipseLab\.lake\packages\plausible\.lake\build\bin;E:\Lean\EllipseLab\.lake\packages\mathlib\.lake\build\bin;E:\Lean\EllipseLab\.lake\build\bin;E:\Lean\EllipseLab\.lake\build\lib;E:\Lean\EllipseLab\.lake\packages\mathlib\.lake\build\lib;E:\Lean\EllipseLab\.lake\packages\plausible\.lake\build\lib;E:\Lean\EllipseLab\.lake\packages\LeanSearchClient\.lake\build\lib;E:\Lean\EllipseLab\.lake\packages\importGraph\.lake\build\lib;E:\Lean\EllipseLab\.lake\packages\proofwidgets\.lake\build\lib;E:\Lean\EllipseLab\.lake\packages\aesop\.lake\build\lib;E:\Lean\EllipseLab\.lake\packages\Qq\.lake\build\lib;E:\Lean\EllipseLab\.lake\packages\batteries\.lake\build\lib;E:\Lean\EllipseLab\.lake\packages\Cli\.lake\build\lib;c:\Users\Naraphim\.elan\toolchains\leanprover--lean4---v4.30.0-rc2\bin;C:\Users\Naraphim\.elan\bin;C:\Users\Naraphim\.elan\toolchains\leanprover--lean4---v4.30.0-rc2\bin;C:\ProgramData\anaconda3\condabin;C:\Program Files\ImageMagick-7.1.2-Q16-HDRI;C:\Python313\Scripts\;C:\Python313\;C:\Program Files\NVIDIA GPU Computing Toolkit\CUDA\v12.6\bin;C:\Program Files\NVIDIA GPU Computing Toolkit\CUDA\v12.6\libnvvp;C:\WINDOWS\system32;C:\WINDOWS;C:\WINDOWS\System32\Wbem;C:\WINDOWS\System32\WindowsPowerShell\v1.0\;C:\WINDOWS\System32\OpenSSH\;C:\Program Files (x86)\NVIDIA Corporation\PhysX\Common;C:\Program Files (x86)\ffmpeg\bin;C:\Program Files\Microsoft SQL Server\150\Tools\Binn\;C:\Program Files\Microsoft SQL Server\Client SDK\ODBC\170\Tools\Binn\;C:\Program Files\NVIDIA Corporation\Nsight Compute 2024.3.2\;C:\ProgramData\anaconda3;C:\ProgramData\anaconda3\Scripts;C:\ProgramData\anaconda3\Library\bin;C:\Users\Naraphim\AppData\Roaming\Python\Python312\Scripts;C:\Program Files (x86)\ffmpeg-4.4-amd64-static;C:\Program Files\nodejs\;C:\ProgramData\chocolatey\bin;C:\Program Files\dotnet\;C:\Users\Naraphim\AppData\Roaming\Python\Python313\Scripts;C:\Program Files\exiftool-13.51_64;C:\Program Files\Docker\Docker\resources\bin;C:\Program Files\Git\cmd;C:\Program Files\NVIDIA Corporation\NVIDIA App\NvDLISR;C:\Users\Naraphim\.elan\bin;C:\Users\Naraphim\AppData\Local\Programs\Python\Python310\Scripts\;C:\Users\Naraphim\AppData\Local\Programs\Python\Python310\;C:\Users\Naraphim\AppData\Local\Programs\Python\Python312\Scripts\;C:\Users\Naraphim\AppData\Local\Programs\Python\Python312\;C:\Users\Naraphim\AppData\Local\Programs\Python\Launcher\;C:\Users\Naraphim\AppData\Local\Microsoft\WindowsApps;C:\Users\Naraphim\.dotnet\tools;C:\Users\Naraphim\AppData\Local\Muse Hub\lib;C:\Users\Naraphim\AppData\Local\Programs\cursor\resources\app\bin;C:\Users\Naraphim\AppData\Roaming\npm;C:\Users\Naraphim\AppData\Local\Microsoft\WinGet\Packages\DenoLand.Deno_Microsoft.Winget.Source_8wekyb3d8bbwe;C:\Users\Naraphim\AppData\Local\Programs\Microsoft VS Code\bin

===== lake build -v --log-level=trace --no-ansi =====
✔ [0/509] Ran EllipseLab:extraDep
ℹ [1/509] Replayed EllipseLab.Basic
trace: .> LEAN_PATH=E:\Lean\EllipseLab\.lake\packages\Cli\.lake\build\lib\lean;E:\Lean\EllipseLab\.lake\packages\batteries\.lake\build\lib\lean;E:\Lean\EllipseLab\.lake\packages\Qq\.lake\build\lib\lean;E:\Lean\EllipseLab\.lake\packages\aesop\.lake\build\lib\lean;E:\Lean\EllipseLab\.lake\packages\proofwidgets\.lake\build\lib\lean;E:\Lean\EllipseLab\.lake\packages\importGraph\.lake\build\lib\lean;E:\Lean\EllipseLab\.lake\packages\LeanSearchClient\.lake\build\lib\lean;E:\Lean\EllipseLab\.lake\packages\plausible\.lake\build\lib\lean;E:\Lean\EllipseLab\.lake\packages\mathlib\.lake\build\lib\lean;E:\Lean\EllipseLab\.lake\build\lib\lean c:\Users\Naraphim\.elan\toolchains\leanprover--lean4---v4.30.0-rc2\bin\lean.exe E:\Lean\EllipseLab\EllipseLab\Basic.lean -o E:\Lean\EllipseLab\.lake\build\lib\lean\EllipseLab\Basic.olean -i E:\Lean\EllipseLab\.lake\build\lib\lean\EllipseLab\Basic.ilean -c E:\Lean\EllipseLab\.lake\build\ir\EllipseLab\Basic.c --setup E:\Lean\EllipseLab\.lake\build\ir\EllipseLab\Basic.setup.json --json
✔ [2/509] Ran mathlib:extraDep
✔ [3/509] Ran aesop:extraDep
✔ [4/509] Replayed Aesop.Check
✔ [5/509] Replayed Aesop.Options.Public
✔ [6/509] Replayed Aesop.Options.Internal
✔ [7/509] Replayed Aesop.Options
✔ [8/509] Replayed Aesop.Forward.PremiseIndex
✔ [9/509] Replayed Aesop.Forward.SlotIndex
✔ [10/509] Replayed Aesop.Forward.LevelIndex
✔ [11/509] Replayed Aesop.Index.DiscrTreeConfig
✔ [12/509] Replayed Aesop.Nanos
✔ [13/509] Ran batteries:extraDep
✔ [14/509] Replayed Batteries.Data.Array.Merge
✔ [15/509] Replayed Aesop.Util.UnorderedArraySet
✔ [16/509] Replayed Batteries.Lean.Expr
ℹ [17/509] Replayed Batteries.Data.String.Basic
trace: .> LEAN_PATH=E:\Lean\EllipseLab\.lake\packages\Cli\.lake\build\lib\lean;E:\Lean\EllipseLab\.lake\packages\batteries\.lake\build\lib\lean;E:\Lean\EllipseLab\.lake\packages\Qq\.lake\build\lib\lean;E:\Lean\EllipseLab\.lake\packages\aesop\.lake\build\lib\lean;E:\Lean\EllipseLab\.lake\packages\proofwidgets\.lake\build\lib\lean;E:\Lean\EllipseLab\.lake\packages\importGraph\.lake\build\lib\lean;E:\Lean\EllipseLab\.lake\packages\LeanSearchClient\.lake\build\lib\lean;E:\Lean\EllipseLab\.lake\packages\plausible\.lake\build\lib\lean;E:\Lean\EllipseLab\.lake\packages\mathlib\.lake\build\lib\lean;EllipseLab\.lake\build\lib\lean c:\Users\Naraphim\.elan\toolchains\leanprover--lean4---v4.30.0-rc2\bin\lean.exe E:\Lean\EllipseLab\.lake\packages\batteries\Batteries\Data\String\Basic.lean -o E:\Lean\EllipseLab\.lake\packages\batteries\.lake\build\lib\lean\Batteries\Data\String\Basic.olean -i E:\Lean\EllipseLab\.lake\packages\batteries\.lake\build\lib\lean\Batteries\Data\String\Basic.ilean -c E:\Lean\EllipseLab\.lake\packages\batteries\.lake\build\ir\Batteries\Data\String\Basic.c --setup E:\Lean\EllipseLab\.lake\packages\batteries\.lake\build\ir\Batteries\Data\String\Basic.setup.json --json
✔ [18/509] Replayed Aesop.Util.Basic
✔ [19/509] Replayed Aesop.Forward.Substitution
✔ [20/509] Replayed Aesop.Rule.Name
✔ [21/509] Replayed Batteries.CodeAction.Deprecated
✔ [22/509] Replayed Batteries.Tactic.Alias
✔ [23/509] Replayed Batteries.Tactic.Unreachable
✔ [24/509] Replayed Batteries.Linter.UnreachableTactic
✔ [25/509] Replayed Batteries.Lean.TagAttribute
✔ [26/509] Replayed Batteries.Lean.AttributeExtra
✔ [27/509] Replayed Batteries.Linter.UnnecessarySeqFocus
✔ [28/509] Replayed Batteries.Linter
✔ [29/509] Replayed Batteries.Tactic.Init
✔ [30/509] Replayed Batteries.Tactic.SeqFocus
✔ [31/509] Replayed Batteries.Util.ProofWanted
✔ [32/509] Replayed Batteries.Tactic.Basic
✔ [33/509] Replayed Batteries.Classes.Order
✔ [34/509] Replayed Batteries.Data.UInt
✔ [35/509] Replayed Batteries.Data.Array.Basic
✔ [36/509] Replayed Aesop.Tracing
✔ [37/509] Replayed Aesop.Stats.Basic
✔ [38/509] Replayed Aesop.RulePattern.Cache
✔ [39/509] Replayed Aesop.BaseM
✔ [40/509] Replayed Aesop.RulePattern
✔ [41/509] Replayed Aesop.Util.UnionFind
✔ [42/509] Replayed Aesop.Forward.RuleInfo
✔ [43/509] Replayed Aesop.Percent
✔ [44/509] Replayed Aesop.RuleTac.RuleTerm
✔ [45/509] Replayed Aesop.Rule.Forward
✔ [46/509] Replayed Aesop.Forward.Match.Types
✔ [47/509] Replayed Aesop.Index.Basic
✔ [48/509] Replayed Aesop.RuleTac.FVarIdSubst
✔ [49/509] Replayed Aesop.RuleTac.GoalDiff
✔ [50/509] Replayed Aesop.Script.CtorNames
✔ [51/509] Replayed Batteries.Control.Lemmas
✔ [52/509] Replayed Batteries.Control.LawfulMonadState
✔ [53/509] Replayed Batteries.Control.OptionT
✔ [54/509] Replayed Batteries.Control.AlternativeMonad
✔ [55/509] Replayed Batteries.Lean.Meta.Basic
✔ [56/509] Replayed Aesop.Util.EqualUpToIds
✔ [57/509] Replayed Aesop.Script.Tactic
✔ [58/509] Replayed Aesop.Script.GoalWithMVars
✔ [59/509] Replayed Aesop.Script.TacticState
✔ [60/509] Replayed Batteries.Lean.MonadBacktrack
✔ [61/509] Replayed Batteries.Lean.Meta.SavedState
✔ [62/509] Replayed Aesop.Script.Util
✔ [63/509] Replayed Batteries.Tactic.PermuteGoals
✔ [64/509] Replayed Aesop.Script.Step
✔ [65/509] Replayed Aesop.RuleTac.Basic
✔ [66/509] Replayed Aesop.RuleTac.Descr
✔ [67/509] Replayed Aesop.Rule.Basic
✔ [68/509] Replayed Aesop.Rule
✔ [69/509] Replayed Aesop.ElabM
✔ [70/509] Replayed Aesop.RuleTac.ElabRuleTerm
✔ [71/509] Replayed Aesop.RuleTac.Forward.Basic
✔ [72/509] Replayed Batteries.Tactic.OpenPrivate
✔ [73/509] Replayed Aesop.Util.Tactic
✔ [74/509] Replayed Aesop.Util.Tactic.Ext
✔ [75/509] Replayed Aesop.Util.Unfold
✔ [76/509] Replayed Aesop.Util.Tactic.Unfold
✔ [77/509] Replayed Aesop.Script.ScriptM
✔ [78/509] Replayed Batteries.Lean.Meta.Inaccessible
✔ [79/509] Replayed Aesop.Script.SpecificTactics
✔ [80/509] Replayed Batteries.Lean.Meta.UnusedNames
✔ [81/509] Replayed Aesop.Forward.Match
✔ [82/509] Replayed Aesop.Util.OrderedHashSet
✔ [83/509] Replayed Batteries.Lean.Meta.Expr
✔ [84/509] Replayed Batteries.Lean.PersistentHashMap
✔ [85/509] Replayed Batteries.Lean.Meta.DiscrTree
✔ [86/509] Replayed Aesop.Index.RulePattern
✔ [87/509] Replayed Batteries.Lean.Meta.InstantiateMVars
✔ [88/509] Replayed Batteries.Lean.PersistentHashSet
✔ [89/509] Replayed Aesop.Index
✔ [90/509] Replayed Aesop.Index.Forward
✔ [91/509] Replayed Aesop.RuleSet.Name
✔ [92/509] Replayed Aesop.RuleSet.Filter
✔ [93/509] Replayed Aesop.RuleSet.Member
✔ [94/509] Replayed Aesop.Tree.Data.ForwardRuleMatches
✔ [95/509] Replayed Aesop.RuleSet
✔ [96/509] Replayed Aesop.Script.UScript
✔ [97/509] Replayed Aesop.Script.Check
✔ [98/509] Replayed Aesop.Script.SScript
✔ [99/509] Replayed Aesop.Script.UScriptToSScript
✔ [100/509] Replayed Aesop.Script.StructureDynamic
✔ [101/509] Replayed Aesop.Script.StructureStatic
✔ [102/509] Replayed Aesop.Script.OptimizeSyntax
✔ [103/509] Replayed Aesop.Script.Main
✔ [104/509] Replayed Aesop.EMap
✔ [105/509] Replayed Aesop.Forward.State
✔ [106/509] Replayed Aesop.Forward.State.ApplyGoalDiff
✔ [107/509] Replayed Aesop.RuleTac.Apply
✔ [108/509] Replayed Aesop.RuleTac.Cases
✔ [109/509] Replayed Aesop.RuleTac.Forward
✔ [110/509] Replayed Aesop.RuleTac.Preprocess
✔ [111/509] Replayed Aesop.RuleTac.Tactic
✔ [112/509] Replayed Aesop.RuleTac
✔ [113/509] Replayed Aesop.Search.Expansion.Basic
✔ [114/509] Replayed Aesop.Search.Expansion.Simp
✔ [115/509] Replayed Aesop.Constants
✔ [116/509] Replayed Aesop.Tree.UnsafeQueue
✔ [117/509] Replayed Aesop.Tree.Data
✔ [118/509] Replayed Aesop.Tree.RunMetaM
✔ [119/509] Replayed Aesop.Search.Queue.Class
✔ [120/509] Replayed Aesop.Forward.State.Initial
✔ [121/509] Replayed Aesop.Tree.TreeM
✔ [122/509] Replayed Aesop.Search.SearchM
✔ [123/509] Replayed Aesop.Search.RuleSelection
✔ [124/509] Replayed Aesop.Tree.Traversal
✔ [125/509] Replayed Aesop.Tree.State
✔ [126/509] Replayed Batteries.Lean.HashSet
✔ [127/509] Replayed Aesop.Search.Expansion.Norm
✔ [128/509] Replayed Aesop.Tree.AddRapp
✔ [129/509] Replayed Aesop.Forward.State.UpdateGoal
✔ [130/509] Replayed Aesop.Search.Expansion
✔ [131/509] Replayed Aesop.Exception
✔ [132/509] Replayed Aesop.Search.ExpandSafePrefix
✔ [133/509] Replayed Aesop.Tree.Check
✔ [134/509] Replayed Aesop.Tree.ExtractProof
✔ [135/509] Replayed Aesop.Tree.ExtractScript
✔ [136/509] Replayed Aesop.Tree.Free
✔ [137/509] Replayed Aesop.Tree.Tracing
✔ [138/509] Replayed Aesop.Tree
✔ [139/509] Replayed Batteries.Control.ForInStep.Basic
✔ [140/509] Replayed Batteries.Data.BinomialHeap.Basic
✔ [141/509] Replayed Aesop.Search.Queue
✔ [142/509] Replayed Aesop.Tree.Stats
✔ [143/509] Replayed Aesop.Frontend.Extension.Init
✔ [144/509] Replayed Aesop.Frontend.Extension
✔ [145/509] Replayed Aesop.Search.Main
✔ [146/509] Replayed Aesop.Builder.Basic
✔ [147/509] Replayed Aesop.Builder.Cases
✔ [148/509] Replayed Aesop.Builder.Constructors
✔ [149/509] Replayed Aesop.Builder.NormSimp
✔ [150/509] Replayed Aesop.Builder.Tactic
✔ [151/509] Replayed Aesop.Builder.Apply
✔ [152/509] Replayed Aesop.Builder.Default
✔ [153/509] Replayed Aesop.Builder.Forward
✔ [154/509] Replayed Aesop.Builder.Unfold
✔ [155/509] Replayed Aesop.Frontend.RuleExpr
✔ [156/509] Replayed Aesop.Frontend.Tactic
✔ [157/509] Replayed Aesop.Stats.Extension
✔ [158/509] Replayed Aesop.Stats.File
✔ [159/509] Replayed Aesop.Main
✔ [160/509] Replayed Aesop.Frontend.Attribute
✔ [161/509] Replayed Aesop.Frontend.Basic
✔ [162/509] Replayed Aesop.Stats.Report
✔ [163/509] Replayed Aesop.Frontend.Command
✔ [164/509] Replayed Aesop.Saturate
✔ [165/509] Replayed Aesop.Frontend.Saturate
✔ [166/509] Replayed Aesop.Frontend
✔ [167/509] Replayed Aesop.BuiltinRules.Assumption
✔ [168/509] Replayed Aesop.BuiltinRules.ApplyHyps
✔ [169/509] Replayed Aesop.BuiltinRules.DestructProducts
✔ [170/509] Replayed Aesop.BuiltinRules.Ext
✔ [171/509] Replayed Aesop.BuiltinRules.Intros
✔ [172/509] Replayed Aesop.BuiltinRules.Rfl
✔ [173/509] Replayed Aesop.BuiltinRules.Split
✔ [174/509] Replayed Aesop.BuiltinRules.Subst
✔ [175/509] Replayed Aesop.BuiltinRules
✔ [176/509] Replayed Aesop
✔ [177/509] Replayed Batteries.Logic
✔ [178/509] Replayed Batteries.Util.LibraryNote
✔ [179/509] Replayed Mathlib.Tactic.Linter.DirectoryDependency
✔ [180/509] Replayed Mathlib.Tactic.Linter.Header
✔ [181/509] Replayed Mathlib.Lean.Linter
✔ [182/509] Replayed Mathlib.Tactic.Lemma
✔ [183/509] Replayed Mathlib.Tactic.Linter.DeprecatedSyntaxLinter
✔ [184/509] Replayed Mathlib.Tactic.Linter.DocPrime
✔ [185/509] Replayed Mathlib.Tactic.Linter.DocString
✔ [186/509] Replayed Mathlib.Tactic.Linter.EmptyLine
✔ [187/509] Replayed Mathlib.Tactic.Linter.GlobalAttributeIn
✔ [188/509] Replayed Mathlib.Tactic.Linter.HashCommandLinter
✔ [189/509] Replayed Mathlib.Tactic.Linter.FlexibleLinter
✔ [190/509] Replayed Mathlib.Tactic.Linter.Multigoal
✔ [191/509] Replayed Mathlib.Tactic.Linter.OldObtain
✔ [192/509] Replayed Mathlib.Tactic.Linter.PrivateModule
✔ [193/509] Replayed Batteries.Tactic.Lint.Basic
✔ [194/509] Replayed Mathlib.Tactic.Linter.TacticDocumentation
✔ [195/509] Replayed Mathlib.Tactic.Linter.UnusedTacticExtension
✔ [196/509] Replayed Mathlib.Tactic.Linter.UnusedTactic
✔ [197/509] Replayed Mathlib.Lean.Expr.Basic
✔ [198/509] Replayed Mathlib.Lean.Environment
✔ [199/509] Replayed Batteries.Tactic.Lint.Misc
✔ [200/509] Replayed Mathlib.Lean.Elab.InfoTree
✔ [201/509] Replayed Mathlib.Tactic.Linter.UnusedInstancesInType
✔ [202/509] Replayed Mathlib.Tactic.DeclarationNames
✔ [203/509] Replayed Mathlib.Tactic.Linter.Style
✔ [204/509] Replayed Mathlib.Tactic.Linter.Whitespace
✔ [205/509] Replayed Mathlib.Lean.Elab.Tactic.Meta
✔ [206/509] Replayed Mathlib.Lean.ContextInfo
✔ [207/509] Replayed Mathlib.Tactic.TacticAnalysis
✔ [208/509] Ran importGraph:extraDep
✔ [209/509] Replayed ImportGraph.Imports.ImportGraph
✔ [210/509] Replayed ImportGraph.Imports.Redundant
✔ [211/509] Replayed ImportGraph.Lean.Environment
✔ [212/509] Replayed ImportGraph.Imports.RequiredModules
✔ [213/509] Replayed Mathlib.Tactic.MinImports
✔ [214/509] Replayed Mathlib.Tactic.ExtractGoal
✔ [215/509] Replayed Mathlib.Util.ParseCommand
✔ [216/509] Replayed Mathlib.Tactic.TacticAnalysis.Declarations
✔ [217/509] Replayed Mathlib.Tactic.TypeStar
✔ [218/509] Replayed Batteries.Tactic.HelpCmd
✔ [219/509] Replayed ImportGraph.Graph.TransitiveClosure
✔ [220/509] Replayed ImportGraph.Tools.FindHome
✔ [221/509] Replayed ImportGraph.Tools.ImportDiff
✔ [222/509] Replayed ImportGraph.Tools.MinImports
✔ [223/509] Replayed ImportGraph.Tools.RedundantImports
✔ [224/509] Replayed ImportGraph.Tools
✔ [225/509] Replayed Batteries.Tactic.Lint.Simp
✔ [226/509] Replayed Batteries.Tactic.Lint.TypeClass
✔ [227/509] Replayed Batteries.Tactic.Lint.Frontend
✔ [228/509] Replayed Batteries.Tactic.Lint
✔ [229/509] Replayed Mathlib.Tactic.Linter.Lint
✔ [230/509] Replayed Mathlib.Init
✔ [231/509] Replayed Batteries.Lean.NameMapAttribute
✔ [232/509] Replayed Mathlib.Tactic.Simps.NotationClass
✔ [233/509] Replayed Mathlib.Lean.Meta.Simp
✔ [234/509] Replayed Batteries.Tactic.Trans
✔ [235/509] Replayed Mathlib.Tactic.Eqns
✔ [236/509] Replayed Mathlib.Tactic.Translate.Attributes
✔ [237/509] Replayed Mathlib.Data.String.Defs
✔ [238/509] Replayed Mathlib.Tactic.Translate.GuessName
✔ [239/509] Replayed Mathlib.Tactic.Translate.Reorder
✔ [240/509] Replayed Mathlib.Tactic.Translate.UnfoldBoundary
✔ [241/509] Replayed Mathlib.Tactic.Translate.Core
✔ [242/509] Replayed Mathlib.Tactic.Translate.ToAdditive
✔ [243/509] Replayed Mathlib.Tactic.ToAdditive
✔ [244/509] Replayed Mathlib.Algebra.Notation.Defs
✔ [245/509] Replayed Mathlib.Algebra.Regular.Defs
✔ [246/509] Replayed Mathlib.Data.Int.Notation
✔ [247/509] Replayed Mathlib.Data.Nat.BinaryRec
✔ [248/509] Replayed Mathlib.Lean.Meta
✔ [249/509] Replayed Mathlib.Lean.Name
✔ [250/509] Replayed Mathlib.Tactic.MkIffOfInductiveProp
✔ [251/509] Replayed Mathlib.Tactic.OfNat
✔ [252/509] Replayed Mathlib.Data.Nat.Notation
✔ [253/509] Replayed Mathlib.Util.AddRelatedDecl
✔ [254/509] Replayed Mathlib.Tactic.Simps.Basic
✔ [255/509] Replayed Mathlib.Algebra.Group.Defs
✔ [256/509] Replayed Mathlib.Data.Int.Init
✔ [257/509] Replayed Batteries.Util.ExtendedBinder
✔ [258/509] Replayed Mathlib.Tactic.Translate.TagUnfoldBoundary
✔ [259/509] Replayed Mathlib.Tactic.Translate.ToDual
✔ [260/509] Replayed Mathlib.Tactic.ToDual
✔ [261/509] Replayed Mathlib.Data.Set.Defs
✔ [262/509] Replayed Mathlib.Tactic.AdaptationNote
✔ [263/509] Replayed Mathlib.Tactic.Attr.Register
✔ [264/509] Replayed Mathlib.Logic.Basic
✔ [265/509] Replayed Mathlib.Logic.Function.Defs
✔ [266/509] Replayed Mathlib.Logic.ExistsUnique
✔ [267/509] Replayed Mathlib.Logic.Nonempty
✔ [268/509] Replayed Mathlib.Tactic.Push.Attr
✔ [269/509] Replayed Mathlib.Logic.Nontrivial.Defs
✔ [270/509] Replayed Mathlib.Tactic.ExtendDoc
✔ [271/509] Replayed Mathlib.Order.Defs.Unbundled
✔ [272/509] Replayed Mathlib.Logic.Function.Basic
✔ [273/509] Replayed Mathlib.Logic.Function.Conjugate
✔ [274/509] Replayed Mathlib.Logic.Function.Iterate
✔ [275/509] Replayed Mathlib.Tactic.SimpRw
✔ [276/509] Replayed Mathlib.Tactic.Core
✔ [277/509] Replayed Mathlib.Tactic.SplitIfs
✔ [278/509] Replayed Mathlib.Algebra.Group.Basic
✔ [279/509] Replayed Mathlib.Algebra.Notation.Pi.Defs
✔ [280/509] Replayed Mathlib.Logic.IsEmpty.Defs
✔ [281/509] Replayed Mathlib.Tactic.Inhabit
✔ [282/509] Replayed Mathlib.Logic.Unique
✔ [283/509] Replayed Mathlib.Util.CompileInductive
✔ [284/509] Replayed Mathlib.Data.FunLike.Basic
✔ [285/509] Replayed Mathlib.Algebra.Group.Hom.Defs
✔ [286/509] Replayed Mathlib.Algebra.Group.Hom.Basic
✔ [287/509] Replayed Mathlib.Tactic.Spread
✔ [288/509] Replayed Mathlib.Algebra.Group.InjSurj
✔ [289/509] Replayed Mathlib.Algebra.Notation.Pi.Basic
✔ [290/509] Replayed Mathlib.Data.Sum.Basic
✔ [291/509] Replayed Mathlib.Algebra.Group.Pi.Basic
✔ [292/509] Replayed Mathlib.Tactic.FastInstance
✔ [293/509] Replayed Mathlib.Algebra.Group.Hom.Instances
✔ [294/509] Replayed Mathlib.Algebra.Group.Semiconj.Defs
✔ [295/509] Replayed Mathlib.Algebra.Group.Commute.Defs
✔ [296/509] Replayed Mathlib.Data.FunLike.Embedding
✔ [297/509] Replayed Mathlib.Data.FunLike.Equiv
✔ [298/509] Replayed Mathlib.Logic.Relator
✔ [299/509] Replayed Mathlib.Tactic.Use
✔ [300/509] Replayed Mathlib.Logic.Relation
✔ [301/509] Replayed Mathlib.Lean.PrettyPrinter.Delaborator
✔ [302/509] Replayed Batteries.Lean.Syntax
✔ [303/509] Replayed Mathlib.Lean.Elab.Term
✔ [304/509] Replayed Mathlib.Util.WithWeakNamespace
✔ [305/509] Replayed Mathlib.Tactic.ScopedNS
✔ [306/509] Replayed Mathlib.Util.Notation3
✔ [307/509] Replayed Mathlib.Data.Quot
✔ [308/509] Replayed Mathlib.Data.Subtype
✔ [309/509] Replayed Mathlib.Tactic.Substs
✔ [310/509] Replayed Mathlib.Logic.Equiv.Defs
✔ [311/509] Replayed Mathlib.Algebra.Opposites
✔ [312/509] Replayed Mathlib.Algebra.Group.Action.Defs
✔ [313/509] Replayed Mathlib.Algebra.Group.Torsion
✔ [314/509] Replayed Mathlib.Tactic.Conv
✔ [315/509] Replayed Mathlib.Algebra.Group.Opposite
✔ [316/509] Replayed Mathlib.Algebra.Group.Action.Opposite
✔ [317/509] Replayed Mathlib.Algebra.GroupWithZero.Defs
✔ [318/509] Replayed Mathlib.Order.Defs.PartialOrder
✔ [319/509] Replayed Mathlib.Algebra.NeZero
✔ [320/509] Replayed Mathlib.Algebra.GroupWithZero.NeZero
✔ [321/509] Replayed Mathlib.Algebra.GroupWithZero.Basic
✔ [322/509] Replayed Mathlib.Algebra.GroupWithZero.Hom
✔ [323/509] Replayed Mathlib.Algebra.GroupWithZero.InjSurj
✔ [324/509] Replayed Mathlib.Algebra.GroupWithZero.Opposite
✔ [325/509] Replayed Mathlib.Algebra.GroupWithZero.Action.Defs
✔ [326/509] Replayed Mathlib.Data.Nat.Init
✔ [327/509] Replayed Mathlib.Data.Nat.Cast.Defs
✔ [328/509] Replayed Mathlib.Data.Int.Cast.Defs
✔ [329/509] Replayed Mathlib.Tactic.StacksAttribute
✔ [330/509] Replayed Mathlib.Algebra.Ring.Defs
✔ [331/509] Replayed Mathlib.Algebra.Module.Defs
✔ [332/509] Replayed Mathlib.Algebra.Group.Equiv.Defs
✔ [333/509] Replayed Mathlib.Algebra.Group.TypeTags.Basic
✔ [334/509] Replayed Mathlib.Algebra.Group.TypeTags.Hom
✔ [335/509] Replayed Mathlib.Algebra.CharZero.Defs
✔ [336/509] Replayed Mathlib.Algebra.Group.Int.Defs
✔ [337/509] Replayed Mathlib.Data.Ordering.Basic
✔ [338/509] Replayed Mathlib.Order.Defs.LinearOrder
✔ [339/509] Replayed Batteries.Lean.Except
✔ [340/509] Replayed Batteries.Tactic.Exact
✔ [341/509] Replayed Mathlib.Tactic.GCongr.ForwardAttr
✔ [342/509] Replayed Mathlib.Tactic.GCongr.Core
✔ [343/509] Replayed Mathlib.Data.Nat.Basic
✔ [344/509] Replayed Mathlib.Lean.Meta.CongrTheorems
✔ [345/509] Replayed Mathlib.Tactic.CongrExclamation
✔ [346/509] Replayed Mathlib.Tactic.Convert
✔ [347/509] Replayed Mathlib.Tactic.Lift
✔ [348/509] Replayed Mathlib.Data.Int.Basic
✔ [349/509] Replayed Mathlib.Data.Int.Cast.Basic
✔ [350/509] Replayed Mathlib.Algebra.Ring.Int.Defs
✔ [351/509] Replayed Mathlib.Control.EquivFunctor
✔ [352/509] Replayed Mathlib.Control.Combinators
✔ [353/509] Replayed Mathlib.Data.Option.Defs
✔ [354/509] Replayed Mathlib.Logic.IsEmpty.Basic
✔ [355/509] Replayed Mathlib.Data.Option.Basic
✔ [356/509] Replayed Mathlib.Logic.Equiv.Option
✔ [357/509] Replayed Mathlib.Data.Sigma.Basic
✔ [358/509] Replayed Mathlib.Util.AtLocation
✔ [359/509] Replayed Mathlib.Tactic.Push
✔ [360/509] Replayed Mathlib.Tactic.Contrapose
✔ [361/509] Replayed Mathlib.Logic.Equiv.Prod
✔ [362/509] Replayed Mathlib.Tactic.Coe
✔ [363/509] Replayed Mathlib.Logic.Equiv.Sum
✔ [364/509] Replayed Mathlib.Logic.Equiv.Basic
✔ [365/509] Replayed Mathlib.Algebra.Group.Equiv.Basic
✔ [366/509] Replayed Mathlib.Algebra.Group.Equiv.Opposite
✔ [367/509] Replayed Mathlib.Data.Set.CoeSort
✔ [368/509] Replayed Mathlib.Tactic.ToExpr
✔ [369/509] Replayed Mathlib.Tactic.FBinop
✔ [370/509] Replayed Mathlib.Data.SProd
✔ [371/509] Ran Qq:extraDep
✔ [372/509] Replayed Qq.ForLean.ReduceEval
✔ [373/509] Replayed Qq.ForLean.ToExpr
✔ [374/509] Replayed Qq.Typ
✔ [375/509] Replayed Qq.Macro
✔ [376/509] Replayed Qq.Delab
✔ [377/509] Replayed Qq.MetaM
✔ [378/509] Replayed Qq.Simp
✔ [379/509] Replayed Qq.ForLean.Do
✔ [380/509] Replayed Qq.SortLocalDecls
✔ [381/509] Replayed Qq.MatchImpl
✔ [382/509] Replayed Qq.Match
✔ [383/509] Replayed Qq.AssertInstancesCommute
✔ [384/509] Replayed Qq.Commands
✔ [385/509] Replayed Qq
✔ [386/509] Replayed Mathlib.Order.Notation
✔ [387/509] Replayed Mathlib.Data.Set.Operations
✔ [388/509] Replayed Mathlib.Algebra.Group.Even
✔ [389/509] Replayed Mathlib.Algebra.Group.Nat.Defs
✔ [390/509] Replayed Batteries.Data.Nat.Basic
✔ [391/509] Replayed Mathlib.Data.Nat.Sqrt
✔ [392/509] Replayed Mathlib.Algebra.Group.Nat.Even
✔ [393/509] Ran plausible:extraDep
✔ [394/509] Replayed Plausible.Random
✔ [395/509] Replayed Plausible.Gen
✔ [396/509] Replayed Plausible.Arbitrary
✔ [397/509] Replayed Plausible.Shrinkable
✔ [398/509] Replayed Plausible.Sampleable
✔ [399/509] Replayed Plausible.Testable
✔ [400/509] Replayed Plausible.Functions
✔ [401/509] Replayed Plausible.Attr
✔ [402/509] Replayed Plausible.Tactic
✔ [403/509] Replayed Plausible.ArbitraryFueled
✔ [404/509] Replayed Plausible.DeriveArbitrary
✔ [405/509] Replayed Plausible.DeriveShrinkable
✔ [406/509] Replayed Plausible
✔ [407/509] Replayed Batteries.Tactic.Case
✔ [408/509] Replayed Batteries.Tactic.GeneralizeProofs
✔ [409/509] Replayed Batteries.CodeAction.Attr
✔ [410/509] Replayed Batteries.CodeAction.Basic
✔ [411/509] Replayed Batteries.Lean.Position
✔ [412/509] Replayed Batteries.CodeAction.Misc
✔ [413/509] Replayed Batteries.Data.List.Basic
✔ [414/509] Replayed Batteries.CodeAction.Match
✔ [415/509] Replayed Batteries.CodeAction
✔ [416/509] Ran LeanSearchClient:extraDep
✔ [417/509] Replayed LeanSearchClient.Basic
✔ [418/509] Replayed LeanSearchClient.Syntax
✔ [419/509] Replayed LeanSearchClient.LoogleSyntax
✔ [420/509] Replayed LeanSearchClient
✔ [421/509] Replayed Mathlib.Tactic.ApplyCongr
✔ [422/509] Replayed Mathlib.Lean.Meta.Basic
✔ [423/509] Replayed Mathlib.Tactic.ApplyAt
✔ [424/509] Replayed Mathlib.Tactic.ApplyWith
✔ [425/509] Replayed Mathlib.Tactic.PPWithUniv
✔ [426/509] Replayed Mathlib.Tactic.Basic
✔ [427/509] Replayed Mathlib.Tactic.ByCases
✔ [428/509] Replayed Mathlib.Tactic.ByContra
✔ [429/509] Replayed Mathlib.Tactic.CasesM
✔ [430/509] Replayed Mathlib.Tactic.Check
✔ [431/509] Replayed Mathlib.Tactic.Choose
✔ [432/509] Replayed Mathlib.Tactic.ClearExclamation
✔ [433/509] Replayed Mathlib.Tactic.ClearExcept
✔ [434/509] Replayed Mathlib.Tactic.Clear_
✔ [435/509] Replayed Mathlib.Tactic.TermCongr
✔ [436/509] Replayed Mathlib.Tactic.CongrM
✔ [437/509] Replayed Mathlib.Tactic.Constructor
✔ [438/509] Replayed Mathlib.Lean.MessageData.Trace
✔ [439/509] Replayed Mathlib.Tactic.DefEqAbuse
✔ [440/509] Replayed Mathlib.Tactic.DefEqTransformations
✔ [441/509] Replayed Mathlib.Tactic.DeprecateTo
✔ [442/509] Replayed Mathlib.Tactic.DepRewrite
✔ [443/509] Replayed Mathlib.Tactic.DSimpPercent
✔ [444/509] Replayed Mathlib.Tactic.ErwQuestion
✔ [445/509] Replayed Mathlib.Tactic.ExistsI
✔ [446/509] Replayed Mathlib.Tactic.FailIfNoProgress
✔ [447/509] Replayed Batteries.Util.Cache
✔ [448/509] Replayed Mathlib.Tactic.Find
✔ [449/509] Replayed Mathlib.Tactic.FunProp.Decl
✔ [450/509] Replayed Mathlib.Tactic.FunProp.Mor
✔ [451/509] Replayed Mathlib.Tactic.FunProp.ToBatteries
✔ [452/509] Replayed Mathlib.Tactic.FunProp.FunctionData
✔ [453/509] Replayed Mathlib.Lean.Meta.RefinedDiscrTree.Basic
✔ [454/509] Replayed Mathlib.Tactic.FunProp.Types
✔ [455/509] Replayed Mathlib.Lean.Meta.RefinedDiscrTree.Initialize
✔ [456/509] Replayed Mathlib.Lean.Meta.RefinedDiscrTree.Encode
✔ [457/509] Replayed Mathlib.Lean.Meta.RefinedDiscrTree.Lookup
✔ [458/509] Replayed Mathlib.Tactic.FunProp.Theorems
✔ [459/509] Replayed Mathlib.Tactic.FunProp.Attr
✔ [460/509] Replayed Mathlib.Tactic.FunProp.Core
✔ [461/509] Replayed Mathlib.Tactic.FunProp.Elab
✔ [462/509] Replayed Mathlib.Tactic.FunProp
✔ [463/509] Replayed Mathlib.Tactic.GCongr.CoreAttrs
✔ [464/509] Replayed Batteries.Data.MLList.Basic
✔ [465/509] Replayed Batteries.Control.Nondet.Basic
✔ [466/509] Replayed Mathlib.Tactic.Hint
✔ [467/509] Replayed Mathlib.Tactic.GCongr
✔ [468/509] Replayed Mathlib.Tactic.GRewrite.Core
✔ [469/509] Replayed Mathlib.Tactic.GRewrite.Elab
✔ [470/509] Replayed Mathlib.Tactic.GRewrite
✔ [471/509] Replayed Mathlib.Tactic.GuardGoalNums
✔ [472/509] Replayed Mathlib.Tactic.GuardHypNums
✔ [473/509] Replayed Mathlib.Tactic.HigherOrder
✔ [474/509] Replayed Mathlib.Tactic.InferParam
✔ [475/509] Replayed Mathlib.Util.TermReduce
✔ [476/509] Replayed Mathlib.Tactic.IrreducibleDef
✔ [477/509] Replayed Mathlib.Tactic.Linter.DeprecatedModule
✔ [478/509] Replayed Mathlib.Tactic.Linter.HaveLetLinter
✔ [479/509] Replayed Mathlib.Tactic.Linter.MinImports
✔ [480/509] Replayed Mathlib.Tactic.Linter.PPRoundtrip
✔ [481/509] Replayed Mathlib.Tactic.Linter.UpstreamableDecl
✔ [482/509] Replayed Mathlib.Tactic.Linter
✔ [483/509] Replayed Mathlib.Tactic.NthRewrite
✔ [484/509] Replayed Mathlib.Tactic.Observe
✔ [485/509] Replayed Mathlib.Tactic.RSuffices
✔ [486/509] Replayed Mathlib.Tactic.Recover
✔ [487/509] Replayed Mathlib.Tactic.Relation.Rfl
✔ [488/509] Replayed Mathlib.Tactic.Rename
✔ [489/509] Replayed Mathlib.Util.Tactic
✔ [490/509] Replayed Mathlib.Tactic.RenameBVar
✔ [491/509] Replayed Mathlib.Tactic.Says
✔ [492/509] Replayed Mathlib.Tactic.Set
✔ [493/509] Replayed Mathlib.Tactic.SimpIntro
✔ [494/509] Replayed Mathlib.Tactic.Simproc.ExistsAndEq
✔ [495/509] Replayed Mathlib.Tactic.Subsingleton
✔ [496/509] Replayed Mathlib.Tactic.SuccessIfFailWithMsg
✔ [497/509] Replayed Mathlib.Tactic.SudoSetOption
✔ [498/509] Replayed Mathlib.Tactic.SwapVar
✔ [499/509] Replayed Mathlib.Tactic.Tauto
✔ [500/509] Replayed Mathlib.Tactic.ToFun
✔ [501/509] Replayed Mathlib.Tactic.ToLevel
✔ [502/509] Replayed Mathlib.Tactic.Trace
✔ [503/509] Replayed Mathlib.Tactic.TypeCheck
✔ [504/509] Replayed Mathlib.Tactic.UnsetOption
✔ [505/509] Replayed Mathlib.Tactic.Variable
✔ [506/509] Replayed Mathlib.Tactic.Widget.SelectInsertParamsClass
✔ [507/509] Ran proofwidgets:extraDep
✔ [508/976] Ran widgetJsSrcs
✔ [509/976] Ran widgetRollupConfig
✔ [510/976] Ran widgetTsconfig
✔ [511/976] Ran widgetPackageJson
ℹ [512/976] Replayed proofwidgets/widgetPackageLock
trace: /Users/wjn/ProofWidgets4/widget> npm install
trace: stdout:
changed 1 package, and audited 343 packages in 7s

61 packages are looking for funding
  run `npm fund` for details

8 vulnerabilities (1 moderate, 7 high)

To address issues that do not require attention, run:
  npm audit fix

To address all issues (including breaking changes), run:
  npm audit fix --force

Run `npm audit` for details.
trace: stderr:
npm warn deprecated mathjax-full@3.2.2: Version 4 replaces this package with the scoped package @mathjax/src
ℹ [513/976] Replayed proofwidgets/widgetJsAll
trace: /Users/wjn/ProofWidgets4/widget> npm clean-install
trace: stdout:
added 342 packages, and audited 343 packages in 3s

61 packages are looking for funding
  run `npm fund` for details

8 vulnerabilities (1 moderate, 7 high)

To address issues that do not require attention, run:
  npm audit fix

To address all issues (including breaking changes), run:
  npm audit fix --force

Run `npm audit` for details.
trace: stderr:
npm warn deprecated glob@11.1.0: Old versions of glob are not supported, and contain widely publicized security vulnerabilities, which have been fixed in the current version. Please update. Support for old versions may be purchased (at exorbitant rates) by contacting i@izs.me
npm warn deprecated three-mesh-bvh@0.7.8: Deprecated due to three.js version incompatibility. Please use v0.8.0, instead.
npm warn deprecated mathjax-full@3.2.2: Version 4 replaces this package with the scoped package @mathjax/src
trace: /Users/wjn/ProofWidgets4/widget> npm run build
trace: stdout:
> @leanprover-community/proofwidgets4@0.2.0 build
> npx tsc && rollup --environment NODE_ENV:production --config
trace: stderr:
[36m
[1mdist/rubiks.js[22m → [1m./js[22m...[39m
[32mcreated [1m./js[22m in [1m2.9s[22m[39m
[36m
[1mdist/recharts.js[22m → [1m./js[22m...[39m
[1m[33m(!) Circular dependencies[39m[22m
node_modules/d3-interpolate/src/value.js -> node_modules/d3-interpolate/src/array.js -> node_modules/d3-interpolate/src/value.js
node_modules/d3-interpolate/src/value.js -> node_modules/d3-interpolate/src/object.js -> node_modules/d3-interpolate/src/value.js
node_modules/recharts/es6/util/ChartUtils.js -> node_modules/recharts/es6/util/getLegendProps.js -> node_modules/recharts/es6/util/ChartUtils.js
[32mcreated [1m./js[22m in [1m1.9s[22m[39m
[36m
[1mdist/rbTree.js[22m → [1m./js[22m...[39m
[1m[33m(!) Circular dependencies[39m[22m
node_modules/d3-selection/src/selection/index.js -> node_modules/d3-selection/src/selection/select.js -> node_modules/d3-selection/src/selection/index.js
node_modules/d3-selection/src/selection/index.js -> node_modules/d3-selection/src/selection/selectAll.js -> node_modules/d3-selection/src/selection/index.js
node_modules/d3-selection/src/selection/index.js -> node_modules/d3-selection/src/selection/filter.js -> node_modules/d3-selection/src/selection/index.js
...and 12 more
[32mcreated [1m./js[22m in [1m451ms[22m[39m
[36m
[1mdist/presentSelection.js[22m → [1m./js[22m...[39m
[32mcreated [1m./js[22m in [1m57ms[22m[39m
[36m
[1mdist/penroseDisplay.js[22m → [1m./js[22m...[39m
[1m[33m(!) Circular dependencies[39m[22m
node_modules/true-myth/dist/es/maybe.js -> node_modules/true-myth/dist/es/result.js -> node_modules/true-myth/dist/es/maybe.js
node_modules/@penrose/core/dist/engine/EngineUtils.js -> node_modules/@penrose/core/dist/utils/Util.js -> node_modules/@penrose/core/dist/engine/EngineUtils.js
node_modules/@penrose/core/dist/engine/BBox.js -> node_modules/@penrose/core/dist/contrib/Queries.js -> node_modules/@penrose/core/dist/engine/BBox.js
...and 14 more
[32mcreated [1m./js[22m in [1m4.5s[22m[39m
[36m
[1mdist/penroseCanvas.js[22m → [1m./js[22m...[39m
[1m[33m(!) Circular dependencies[39m[22m
node_modules/true-myth/dist/es/maybe.js -> node_modules/true-myth/dist/es/result.js -> node_modules/true-myth/dist/es/maybe.js
node_modules/@penrose/core/dist/engine/EngineUtils.js -> node_modules/@penrose/core/dist/utils/Util.js -> node_modules/@penrose/core/dist/engine/EngineUtils.js
node_modules/@penrose/core/dist/engine/BBox.js -> node_modules/@penrose/core/dist/contrib/Queries.js -> node_modules/@penrose/core/dist/engine/BBox.js
...and 14 more
[32mcreated [1m./js[22m in [1m4.4s[22m[39m
[36m
[1mdist/ofRpcMethod.js[22m → [1m./js[22m...[39m
[32mcreated [1m./js[22m in [1m67ms[22m[39m
[36m
[1mdist/makeEditLink.js[22m → [1m./js[22m...[39m
[32mcreated [1m./js[22m in [1m43ms[22m[39m
[36m
[1mdist/interactiveSvg.js[22m → [1m./js[22m...[39m
[32mcreated [1m./js[22m in [1m60ms[22m[39m
[36m
[1mdist/interactiveExpr.js[22m → [1m./js[22m...[39m
[32mcreated [1m./js[22m in [1m40ms[22m[39m
[36m
[1mdist/index.js[22m → [1m./js[22m...[39m
[32mcreated [1m./js[22m in [1m45ms[22m[39m
[36m
[1mdist/htmlDisplayPanel.js[22m → [1m./js[22m...[39m
[32mcreated [1m./js[22m in [1m45ms[22m[39m
[36m
[1mdist/htmlDisplay.js[22m → [1m./js[22m...[39m
[32mcreated [1m./js[22m in [1m44ms[22m[39m
[36m
[1mdist/goalTypePanel.js[22m → [1m./js[22m...[39m
[32mcreated [1m./js[22m in [1m55ms[22m[39m
[36m
[1mdist/filterDetails.js[22m → [1m./js[22m...[39m
[32mcreated [1m./js[22m in [1m47ms[22m[39m
[36m
[1mdist/exprPresentation.js[22m → [1m./js[22m...[39m
[32mcreated [1m./js[22m in [1m56ms[22m[39m
[36m
[1mdist/d3Graph.js[22m → [1m./js[22m...[39m
[1m[33m(!) Circular dependencies[39m[22m
node_modules/d3-selection/src/selection/index.js -> node_modules/d3-selection/src/selection/select.js -> node_modules/d3-selection/src/selection/index.js
node_modules/d3-selection/src/selection/index.js -> node_modules/d3-selection/src/selection/selectAll.js -> node_modules/d3-selection/src/selection/index.js
node_modules/d3-selection/src/selection/index.js -> node_modules/d3-selection/src/selection/filter.js -> node_modules/d3-selection/src/selection/index.js
...and 12 more
[32mcreated [1m./js[22m in [1m707ms[22m[39m
[36m
[1mdist/cancellable.js[22m → [1m./js[22m...[39m
[32mcreated [1m./js[22m in [1m41ms[22m[39m
[36m
[1mdist/animatedHtml.js[22m → [1m./js[22m...[39m
[32mcreated [1m./js[22m in [1m48ms[22m[39m
[36m
[1mdist/RefreshComponent.js[22m → [1m./js[22m...[39m
[32mcreated [1m./js[22m in [1m48ms[22m[39m
✔ [514/976] Replayed ProofWidgets.Compat
✔ [515/976] Replayed ProofWidgets.Component.Basic
✔ [516/976] Replayed ProofWidgets.Component.MakeEditLink
✔ [517/976] Replayed ProofWidgets.Util
✔ [518/976] Replayed ProofWidgets.Data.Html
✔ [519/976] Replayed Mathlib.Tactic.Widget.SelectPanelUtils
✔ [520/976] Replayed ProofWidgets.Cancellable
✔ [521/976] Replayed ProofWidgets.Component.OfRpcMethod
✔ [522/976] Replayed Mathlib.Tactic.Widget.Calc
✔ [523/976] Replayed Mathlib.Tactic.Widget.CongrM
✔ [524/976] Replayed Mathlib.Tactic.Widget.Conv
✔ [525/976] Replayed Mathlib.Lean.Meta.RefinedDiscrTree
✔ [526/976] Replayed Mathlib.Lean.GoalsLocation
✔ [527/976] Replayed Mathlib.Lean.Meta.KAbstractPositions
✔ [528/976] Replayed Mathlib.Tactic.Widget.InteractiveUnfold
✔ [529/976] Replayed ProofWidgets.Component.FilterDetails
✔ [530/976] Replayed Mathlib.Tactic.Widget.LibraryRewrite
✔ [531/976] Replayed Mathlib.Tactic.WLOG
✔ [532/976] Replayed Mathlib.Util.CountHeartbeats
✔ [533/976] Replayed Mathlib.Util.PrintSorries
✔ [534/976] Replayed Mathlib.Util.TransImports
✔ [535/976] Replayed Mathlib.Util.WhatsNew
✔ [536/976] Replayed Mathlib.Tactic.Common
✔ [537/976] Replayed Mathlib.Data.Int.Sqrt
✔ [538/976] Replayed Mathlib.Algebra.Group.Int.Even
✔ [539/976] Replayed Mathlib.Algebra.Divisibility.Basic
✔ [540/976] Replayed Mathlib.Algebra.Divisibility.Hom
✔ [541/976] Replayed Mathlib.Algebra.Group.Nat.Hom
✔ [542/976] Replayed Mathlib.Util.AtomM
✔ [543/976] Replayed Mathlib.Data.List.TFAE
✔ [544/976] Replayed Mathlib.Tactic.TFAE
✔ [545/976] Replayed Mathlib.Algebra.Ring.Basic
✔ [546/976] Replayed Mathlib.Algebra.Ring.Hom.Defs
✔ [547/976] Replayed Mathlib.Algebra.GroupWithZero.Nat
✔ [548/976] Replayed Mathlib.Algebra.Ring.Nat
✔ [549/976] Replayed Mathlib.Data.Nat.Cast.Basic
✔ [550/976] Replayed Mathlib.Algebra.Group.Units.Defs
✔ [551/976] Replayed Mathlib.Tactic.Attr.Core
✔ [552/976] Replayed Mathlib.Algebra.Group.Units.Basic
✔ [553/976] Replayed Mathlib.Data.Prod.Basic
✔ [554/976] Replayed Mathlib.Logic.Nontrivial.Basic
✔ [555/976] Replayed Mathlib.Tactic.Nontriviality.Core
✔ [556/976] Replayed Mathlib.Tactic.Nontriviality
✔ [557/976] Replayed Mathlib.Algebra.GroupWithZero.Units.Basic
✔ [558/976] Replayed Mathlib.Algebra.Group.Semiconj.Units
✔ [559/976] Replayed Mathlib.Algebra.GroupWithZero.Semiconj
✔ [560/976] Replayed Mathlib.Algebra.Group.Commute.Units
✔ [561/976] Replayed Mathlib.Algebra.GroupWithZero.Commute
✔ [562/976] Replayed Mathlib.Algebra.Ring.Semiconj
✔ [563/976] Replayed Mathlib.Algebra.Ring.InjSurj
✔ [564/976] Replayed Mathlib.Algebra.Group.Units.Hom
✔ [565/976] Replayed Mathlib.Algebra.Ring.Units
✔ [566/976] Replayed Mathlib.Data.Bracket
✔ [567/976] Replayed Mathlib.Algebra.Ring.Commute
✔ [568/976] Replayed Mathlib.Data.Nat.Cast.Commute
✔ [569/976] Replayed Mathlib.Algebra.Ring.Parity
✔ [570/976] Replayed Mathlib.Data.Int.Cast.Lemmas
✔ [571/976] Replayed Mathlib.Algebra.Module.NatInt
✔ [572/976] Replayed Mathlib.Algebra.Group.Action.TypeTags
✔ [573/976] Replayed Mathlib.Algebra.Group.Action.Pretransitive
✔ [574/976] Replayed Mathlib.Algebra.Group.Action.Hom
✔ [575/976] Replayed Mathlib.Algebra.Group.Action.Faithful
✔ [576/976] Replayed Mathlib.Algebra.Group.Action.Units
✔ [577/976] Replayed Mathlib.Algebra.GroupWithZero.Action.Units
✔ [578/976] Replayed Mathlib.Algebra.GroupWithZero.Action.End
✔ [579/976] Replayed Mathlib.Algebra.Module.RingHom
✔ [580/976] Replayed Mathlib.Algebra.GroupWithZero.Equiv
✔ [581/976] Replayed Mathlib.Algebra.Notation.Prod
✔ [582/976] Replayed Batteries.Tactic.Congr
✔ [583/976] Replayed Mathlib.Order.Basic
✔ [584/976] Replayed Mathlib.Order.OrderDual
✔ [585/976] Replayed Mathlib.Order.Max
✔ [586/976] Replayed Mathlib.Logic.Function.ULift
✔ [587/976] Replayed Mathlib.Order.ULift
✔ [588/976] Replayed Mathlib.Tactic.Finiteness.Attr
✔ [589/976] Replayed Mathlib.Order.BoundedOrder.Basic
✔ [590/976] Replayed Mathlib.Data.Bool.Basic
✔ [591/976] Replayed Mathlib.Logic.Pairwise
✔ [592/976] Replayed Mathlib.Data.Int.Order.Basic
✔ [593/976] Replayed Mathlib.Order.Compare
✔ [594/976] Replayed Mathlib.Order.Monotone.Defs
✔ [595/976] Replayed Mathlib.Order.RelClasses
✔ [596/976] Replayed Mathlib.Order.Monotone.Basic
✔ [597/976] Replayed Mathlib.Order.Lattice
✔ [598/976] Replayed Mathlib.Order.BoundedOrder.Lattice
✔ [599/976] Replayed Mathlib.Order.Disjoint
✔ [600/976] Replayed Mathlib.Order.PropInstances
✔ [601/976] Replayed Mathlib.Data.Set.Basic
✔ [602/976] Replayed Mathlib.Data.Set.Disjoint
✔ [603/976] Replayed Mathlib.Data.Set.Insert
✔ [604/976] Replayed Mathlib.Data.Set.Subsingleton
✔ [605/976] Replayed Mathlib.Order.GaloisConnection.Defs
✔ [606/976] Replayed Mathlib.Order.Heyting.Basic
✔ [607/976] Replayed Mathlib.Order.BooleanAlgebra.Defs
✔ [608/976] Replayed Mathlib.Order.BooleanAlgebra.Basic
✔ [609/976] Replayed Mathlib.Order.BooleanAlgebra.Set
✔ [610/976] Replayed Mathlib.Order.SymmDiff
✔ [611/976] Replayed Mathlib.Data.Set.SymmDiff
✔ [612/976] Replayed Mathlib.Data.Set.Inclusion
✔ [613/976] Replayed Mathlib.Data.Set.Image
✔ [614/976] Replayed Mathlib.Data.Set.Prod
✔ [615/976] Replayed Mathlib.Data.Set.Restrict
✔ [616/976] Replayed Mathlib.Data.Set.Function
✔ [617/976] Replayed Mathlib.Logic.Equiv.Set
✔ [618/976] Replayed Mathlib.Util.PPOptions
✔ [619/976] Replayed Mathlib.Util.Delaborators
✔ [620/976] Replayed Mathlib.Algebra.Ring.Equiv
✔ [621/976] Replayed Mathlib.Algebra.Ring.CompTypeclasses
✔ [622/976] Replayed Mathlib.Logic.Function.CompTypeclasses
✔ [623/976] Replayed Mathlib.Algebra.Group.Hom.CompTypeclasses
✔ [624/976] Replayed Mathlib.Algebra.Regular.SMul
✔ [625/976] Replayed Mathlib.Algebra.Group.Invertible.Defs
✔ [626/976] Replayed Mathlib.Algebra.Group.Invertible.Basic
✔ [627/976] Replayed Mathlib.Data.Prod.PProd
✔ [628/976] Replayed Mathlib.Logic.Embedding.Basic
✔ [629/976] Replayed Mathlib.Algebra.Group.Action.Basic
✔ [630/976] Replayed Mathlib.Algebra.Ring.Action.Basic
✔ [631/976] Replayed Mathlib.GroupTheory.GroupAction.Hom
✔ [632/976] Replayed Mathlib.Algebra.Module.LinearMap.Defs
✔ [633/976] Replayed Mathlib.Algebra.Algebra.Defs
✔ [634/976] Replayed Batteries.Classes.RatCast
✔ [635/976] Replayed Mathlib.Data.Rat.Init
✔ [636/976] Replayed Mathlib.Algebra.Field.Defs
✔ [637/976] Replayed Mathlib.Algebra.Group.Equiv.TypeTags
✔ [638/976] Replayed Mathlib.Algebra.Group.Prod
✔ [639/976] Replayed Mathlib.Algebra.Group.Units.Equiv
✔ [640/976] Replayed Mathlib.Algebra.Group.End
✔ [641/976] Replayed Mathlib.Algebra.Group.Action.End
✔ [642/976] Replayed Mathlib.Algebra.Group.Action.Prod
✔ [643/976] Replayed Mathlib.Algebra.Group.WithOne.Defs
✔ [644/976] Replayed Mathlib.Data.Option.NAry
✔ [645/976] Replayed Mathlib.Algebra.GroupWithZero.WithZero
✔ [646/976] Replayed Mathlib.Algebra.GroupWithZero.Prod
✔ [647/976] Replayed Mathlib.Algebra.GroupWithZero.Action.Basic
✔ [648/976] Replayed Mathlib.Algebra.Module.Equiv.Defs
✔ [649/976] Replayed Mathlib.Algebra.GroupWithZero.Action.Hom
✔ [650/976] Replayed Mathlib.Algebra.Group.Hom.End
✔ [651/976] Replayed Mathlib.Algebra.Module.End
✔ [652/976] Replayed Mathlib.Algebra.Ring.Opposite
✔ [653/976] Replayed Mathlib.Data.Set.Piecewise
✔ [654/976] Replayed Mathlib.Algebra.Group.Pi.Lemmas
✔ [655/976] Replayed Mathlib.GroupTheory.GroupAction.DomAct.Basic
✔ [656/976] Replayed Mathlib.Algebra.Module.Hom
✔ [657/976] Replayed Mathlib.Algebra.Group.Action.Pi
✔ [658/976] Replayed Mathlib.Algebra.GroupWithZero.Pi
✔ [659/976] Replayed Mathlib.Algebra.GroupWithZero.Action.Pi
✔ [660/976] Replayed Mathlib.Algebra.Ring.Pi
✔ [661/976] Replayed Mathlib.Algebra.Module.Pi
✔ [662/976] Replayed Mathlib.Algebra.GroupWithZero.Regular
✔ [663/976] Replayed Mathlib.Algebra.GroupWithZero.Action.Opposite
✔ [664/976] Replayed Mathlib.Algebra.Module.Opposite
✔ [665/976] Replayed Mathlib.Algebra.Regular.Opposite
✔ [666/976] Replayed Mathlib.Algebra.Module.Torsion.Free
✔ [667/976] Replayed Mathlib.Algebra.Module.Torsion.Pi
✔ [668/976] Replayed Mathlib.Algebra.Module.LinearMap.Basic
✔ [669/976] Replayed Mathlib.Algebra.Group.Center
✔ [670/976] Replayed Mathlib.Algebra.Module.Equiv.Opposite
✔ [671/976] Replayed Mathlib.Algebra.Module.LinearMap.End
✔ [672/976] Replayed Mathlib.Algebra.GroupWithZero.Action.Prod
✔ [673/976] Replayed Mathlib.Algebra.Module.Prod
✔ [674/976] Replayed Mathlib.Algebra.Module.Equiv.Basic
✔ [675/976] Replayed Mathlib.Tactic.Monotonicity.Attr
✔ [676/976] Replayed Mathlib.Tactic.SetLike
✔ [677/976] Replayed Mathlib.Data.SetLike.Basic
✔ [678/976] Replayed Mathlib.Algebra.Group.Subsemigroup.Defs
✔ [679/976] Replayed Mathlib.Algebra.Group.Submonoid.Defs
✔ [680/976] Replayed Mathlib.Data.Bool.Set
✔ [681/976] Replayed Mathlib.Data.Nat.Set
✔ [682/976] Replayed Mathlib.Data.Set.NAry
✔ [683/976] Replayed Mathlib.Control.ULift
✔ [684/976] Replayed Mathlib.Data.ULift
✔ [685/976] Replayed Mathlib.Order.Bounds.Defs
✔ [686/976] Replayed Mathlib.Order.Directed
✔ [687/976] Replayed Mathlib.Order.BoundedOrder.Monotone
✔ [688/976] Replayed Mathlib.Order.Interval.Set.Defs
✔ [689/976] Replayed Mathlib.Order.Interval.Set.Basic
✔ [690/976] Replayed Mathlib.Order.Bounds.Basic
✔ [691/976] Replayed Mathlib.Order.Bounds.Image
✔ [692/976] Replayed Mathlib.Order.SetNotation
✔ [693/976] Replayed Mathlib.Order.CompleteLattice.Defs
✔ [694/976] Replayed Mathlib.Order.RelIso.Basic
✔ [695/976] Replayed Mathlib.Order.Hom.Basic
✔ [696/976] Replayed Mathlib.Order.WellFounded
✔ [697/976] Replayed Mathlib.Order.Hom.Set
✔ [698/976] Replayed Mathlib.Order.CompleteLattice.Basic
✔ [699/976] Replayed Mathlib.Order.CompleteLattice.Lemmas
✔ [700/976] Replayed Mathlib.Order.TypeTags
✔ [701/976] Replayed Mathlib.Order.WithBot
✔ [702/976] Replayed Mathlib.Order.GaloisConnection.Basic
✔ [703/976] Replayed Mathlib.Order.CompleteBooleanAlgebra
✔ [704/976] Replayed Mathlib.Data.Set.BooleanAlgebra
✔ [705/976] Replayed Mathlib.Data.Set.Lattice
✔ [706/976] Replayed Mathlib.Data.Set.Lattice.Image
✔ [707/976] Replayed Mathlib.Algebra.Group.Subsemigroup.Basic
✔ [708/976] Replayed Mathlib.Algebra.Group.Submonoid.Basic
✔ [709/976] Replayed Mathlib.Algebra.Group.Submonoid.MulAction
✔ [710/976] Replayed Mathlib.Algebra.Group.Submonoid.Operations
✔ [711/976] Replayed Mathlib.Algebra.Group.Subgroup.Defs
✔ [712/976] Replayed Mathlib.Algebra.Group.Subgroup.Lattice
✔ [713/976] Replayed Mathlib.Algebra.Group.Subgroup.Map
✔ [714/976] Replayed Mathlib.Tactic.ApplyFun
✔ [715/976] Replayed Mathlib.Algebra.Group.Subgroup.Ker
✔ [716/976] Replayed Mathlib.Algebra.Order.Monoid.Unbundled.Defs
✔ [717/976] Replayed Mathlib.Logic.OpClass
✔ [718/976] Replayed Mathlib.Order.MinMax
✔ [719/976] Replayed Mathlib.Algebra.Order.Monoid.Unbundled.Basic
✔ [720/976] Replayed Mathlib.Order.Lex
✔ [721/976] Replayed Mathlib.Algebra.Order.Group.Synonym
✔ [722/976] Replayed Mathlib.Algebra.Order.Monoid.Unbundled.OrderDual
✔ [723/976] Replayed Mathlib.Algebra.Order.Monoid.Unbundled.Pow
✔ [724/976] Replayed Mathlib.Algebra.Group.Pointwise.Set.Basic
✔ [725/976] Replayed Mathlib.Algebra.Notation.Support
✔ [726/976] Replayed Mathlib.Algebra.Group.Support
✔ [727/976] Replayed Batteries.Control.ForInStep.Lemmas
✔ [728/976] Replayed Batteries.Data.List.Lemmas
✔ [729/976] Replayed Mathlib.Algebra.BigOperators.Group.List.Defs
✔ [730/976] Replayed Batteries.Data.List.Count
✔ [731/976] Replayed Batteries.Data.List.Perm
✔ [732/976] Replayed Mathlib.Control.Functor
✔ [733/976] Replayed Mathlib.Data.List.Defs
✔ [734/976] Replayed Mathlib.Data.List.Monad
✔ [735/976] Replayed Mathlib.Data.List.Basic
✔ [736/976] Replayed Mathlib.Data.List.Forall2
✔ [737/976] Replayed Mathlib.Data.List.InsertIdx
✔ [738/976] Replayed Mathlib.Data.List.Perm.Basic
✔ [739/976] Replayed Mathlib.Data.List.Perm.Subperm
✔ [740/976] Replayed Mathlib.Data.Multiset.Defs
✔ [741/976] Replayed Mathlib.Data.Multiset.ZeroCons
✔ [742/976] Replayed Mathlib.Data.Multiset.Basic
✔ [743/976] Replayed Mathlib.Data.List.Nodup
✔ [744/976] Replayed Mathlib.Data.Multiset.Count
✔ [745/976] Replayed Mathlib.Data.List.Count
✔ [746/976] Replayed Mathlib.Data.Multiset.AddSub
✔ [747/976] Replayed Mathlib.Data.Multiset.Replicate
✔ [748/976] Replayed Mathlib.Data.Set.List
✔ [749/976] Replayed Mathlib.Data.Multiset.MapFold
✔ [750/976] Replayed Mathlib.Data.Multiset.Filter
✔ [751/976] Replayed Mathlib.Algebra.BigOperators.Group.Multiset.Defs
✔ [752/976] Replayed Mathlib.Data.Set.Pairwise.Basic
✔ [753/976] Replayed Mathlib.Data.Finset.Defs
✔ [754/976] Replayed Mathlib.Data.Finset.Attach
✔ [755/976] Replayed Mathlib.Data.Finset.Attr
✔ [756/976] Replayed Mathlib.Data.List.Lattice
✔ [757/976] Replayed Batteries.Data.List.Pairwise
✔ [758/976] Replayed Mathlib.Data.List.Dedup
✔ [759/976] Replayed Mathlib.Data.List.TakeDrop
✔ [760/976] Replayed Mathlib.Data.List.Perm.Lattice
✔ [761/976] Replayed Mathlib.Data.Multiset.UnionInter
✔ [762/976] Replayed Mathlib.Data.Multiset.Dedup
✔ [763/976] Replayed Mathlib.Data.Finset.Dedup
✔ [764/976] Replayed Mathlib.Data.Finset.Empty
✔ [765/976] Replayed Mathlib.Data.List.Induction
✔ [766/976] Replayed Mathlib.Data.List.Infix
✔ [767/976] Replayed Mathlib.Data.Multiset.FinsetOps
✔ [768/976] Replayed Mathlib.Data.Finset.Insert
✔ [769/976] Replayed Mathlib.Data.Finset.Disjoint
✔ [770/976] Replayed Mathlib.Data.Finset.Erase
✔ [771/976] Replayed Mathlib.Data.Finset.Filter
✔ [772/976] Replayed Mathlib.Data.Multiset.Range
✔ [773/976] Replayed Mathlib.Data.Finset.Range
✔ [774/976] Replayed Mathlib.Data.Finset.Lattice.Basic
✔ [775/976] Replayed Mathlib.Data.Finset.SDiff
✔ [776/976] Replayed Mathlib.Data.Finset.Basic
✔ [777/976] Replayed Mathlib.Data.Finset.Lattice.Lemmas
✔ [778/976] Replayed Mathlib.Data.Finite.Defs
✔ [779/976] Replayed Mathlib.Data.Fintype.Defs
✔ [780/976] Replayed Mathlib.Data.Finset.Image
✔ [781/976] Replayed Mathlib.Data.Finset.BooleanAlgebra
✔ [782/976] Replayed Mathlib.Data.Finset.SymmDiff
✔ [783/976] Replayed Mathlib.Data.Fintype.OfMap
✔ [784/976] Replayed Mathlib.Data.Fintype.Sets
✔ [785/976] Replayed Mathlib.Algebra.BigOperators.Group.List.Basic
✔ [786/976] Replayed Mathlib.Algebra.Group.Nat.Units
✔ [787/976] Replayed Mathlib.Algebra.Group.Int.Units
✔ [788/976] Replayed Mathlib.Data.List.Flatten
✔ [789/976] Replayed Mathlib.Data.List.Pairwise
✔ [790/976] Replayed Mathlib.Data.List.Lex
✔ [791/976] Replayed Mathlib.Data.List.Chain
✔ [792/976] Replayed Mathlib.Data.List.Range
✔ [793/976] Replayed Mathlib.Data.List.Rotate
✔ [794/976] Replayed Mathlib.Data.List.ProdSigma
✔ [795/976] Replayed Mathlib.Algebra.BigOperators.Group.List.Lemmas
✔ [796/976] Replayed Mathlib.Algebra.Order.Monoid.Unbundled.ExistsOfLE
✔ [797/976] Replayed Mathlib.Algebra.Order.Sub.Defs
✔ [798/976] Replayed Mathlib.Data.Multiset.Fold
✔ [799/976] Replayed Mathlib.Algebra.Order.Group.Multiset
✔ [800/976] Replayed Mathlib.Algebra.Order.Sub.Unbundled.Basic
✔ [801/976] Replayed Mathlib.Algebra.BigOperators.Group.Multiset.Basic
✔ [802/976] Replayed Mathlib.Data.Multiset.Bind
✔ [803/976] Replayed Mathlib.Algebra.BigOperators.Group.Finset.Defs
✔ [804/976] Replayed Mathlib.Data.Finset.Card
✔ [805/976] Replayed Mathlib.Data.Finset.Fold
✔ [806/976] Replayed Mathlib.Data.Finset.Union
✔ [807/976] Replayed Mathlib.Data.List.Enum
✔ [808/976] Replayed Mathlib.Data.List.OffDiag
✔ [809/976] Replayed Mathlib.Data.Finset.Prod
✔ [810/976] Replayed Mathlib.Data.Multiset.Sum
✔ [811/976] Replayed Mathlib.Data.Finset.Sum
✔ [812/976] Replayed Mathlib.Algebra.BigOperators.Group.Finset.Basic
✔ [813/976] Replayed Mathlib.Algebra.Group.Commute.Hom
✔ [814/976] Replayed Mathlib.Data.Int.DivMod
✔ [815/976] Replayed Batteries.Data.Nat.Lemmas
✔ [816/976] Replayed Batteries.Data.Fin.Basic
✔ [817/976] Replayed Mathlib.Data.Fin.Basic
✔ [818/976] Replayed Mathlib.Data.Fin.SuccPred
✔ [819/976] Replayed Mathlib.Data.Fin.Rev
✔ [820/976] Replayed Mathlib.Data.Nat.Find
✔ [821/976] Replayed Mathlib.Data.Fin.Embedding
✔ [822/976] Replayed Mathlib.Order.Fin.Basic
✔ [823/976] Replayed Batteries.Data.Fin.Lemmas
✔ [824/976] Replayed Mathlib.Data.Fin.Tuple.Basic
✔ [825/976] Replayed Mathlib.Data.List.OfFn
✔ [826/976] Replayed Mathlib.Data.List.FinRange
✔ [827/976] Replayed Mathlib.Data.Fintype.Basic
✔ [828/976] Replayed Mathlib.Data.Finset.NoncommProd
✔ [829/976] Replayed Mathlib.Algebra.Group.Submonoid.BigOperators
✔ [830/976] Replayed Mathlib.Algebra.Group.Submonoid.DistribMulAction
✔ [831/976] Replayed Mathlib.Algebra.Group.Conj
✔ [832/976] Replayed Mathlib.Algebra.Group.Subgroup.Basic
✔ [833/976] Replayed Mathlib.GroupTheory.Subsemigroup.Center
✔ [834/976] Replayed Mathlib.GroupTheory.Submonoid.Center
✔ [835/976] Replayed Mathlib.GroupTheory.Subgroup.Center
✔ [836/976] Replayed Mathlib.Algebra.Group.Subgroup.Actions
✔ [837/976] Replayed Mathlib.Data.Setoid.Basic
✔ [838/976] Replayed Mathlib.Algebra.Group.Pointwise.Set.Scalar
✔ [839/976] Replayed Mathlib.GroupTheory.GroupAction.Defs
✔ [840/976] Replayed Mathlib.GroupTheory.GroupAction.SubMulAction
✔ [841/976] Replayed Mathlib.Algebra.Module.Submodule.Defs
✔ [842/976] Replayed Mathlib.Algebra.Module.Submodule.Basic
✔ [843/976] Replayed Mathlib.Algebra.FreeMonoid.Basic
✔ [844/976] Replayed Mathlib.Algebra.Group.Idempotent
✔ [845/976] Replayed Mathlib.Algebra.Group.Subsemigroup.MulOpposite
✔ [846/976] Replayed Mathlib.Algebra.Group.Submonoid.MulOpposite
✔ [847/976] Replayed Mathlib.Data.Fintype.Card
✔ [848/976] Replayed Mathlib.Data.List.Duplicate
✔ [849/976] Replayed Mathlib.Data.List.Sort
✔ [850/976] Replayed Mathlib.Data.List.NodupEquivFin
✔ [851/976] Replayed Mathlib.Data.Fintype.EquivFin
✔ [852/976] Replayed Mathlib.Algebra.Group.Submonoid.Membership
✔ [853/976] Replayed Mathlib.Algebra.Group.PUnit
✔ [854/976] Replayed Mathlib.Algebra.Ring.PUnit
✔ [855/976] Replayed Mathlib.Algebra.Module.PUnit
✔ [856/976] Replayed Mathlib.Data.Multiset.Lattice
✔ [857/976] Replayed Mathlib.Order.Hom.Bounded
✔ [858/976] Replayed Mathlib.Order.Hom.Lattice
✔ [859/976] Replayed Mathlib.Order.Hom.BoundedLattice
✔ [860/976] Replayed Mathlib.Order.Nat
✔ [861/976] Replayed Mathlib.Data.Finset.Lattice.Fold
✔ [862/976] Replayed Mathlib.Order.ConditionallyCompleteLattice.Defs
✔ [863/976] Replayed Mathlib.Order.ConditionallyCompletePartialOrder.Defs
✔ [864/976] Replayed Mathlib.Order.ConditionallyCompletePartialOrder.Basic
✔ [865/976] Replayed Mathlib.Order.ConditionallyCompleteLattice.Basic
✔ [866/976] Replayed Mathlib.Algebra.Module.Submodule.Lattice
✔ [867/976] Replayed Mathlib.Algebra.Module.Submodule.LinearMap
✔ [868/976] Replayed Mathlib.Algebra.Module.Submodule.Map
✔ [869/976] Replayed Mathlib.Order.Hom.CompleteLattice
✔ [870/976] Replayed Mathlib.Algebra.Module.Submodule.RestrictScalars
✔ [871/976] Replayed Mathlib.Algebra.Module.Submodule.Ker
✔ [872/976] Replayed Mathlib.Algebra.Group.ULift
✔ [873/976] Replayed Mathlib.Algebra.GroupWithZero.ULift
✔ [874/976] Replayed Mathlib.Algebra.Ring.ULift
✔ [875/976] Replayed Mathlib.Algebra.Module.ULift
✔ [876/976] Replayed Mathlib.Algebra.Ring.CharZero
✔ [877/976] Replayed Mathlib.RingTheory.NonUnitalSubsemiring.Defs
✔ [878/976] Replayed Mathlib.Algebra.Ring.Subsemiring.Defs
✔ [879/976] Replayed Mathlib.RingTheory.NonUnitalSubring.Defs
✔ [880/976] Replayed Mathlib.Algebra.Ring.Subring.Defs
✔ [881/976] Replayed Mathlib.Algebra.Ring.Action.Subobjects
✔ [882/976] Replayed Mathlib.Data.Nat.Cast.Prod
✔ [883/976] Replayed Mathlib.Data.Int.Cast.Prod
✔ [884/976] Replayed Mathlib.Algebra.Ring.Prod
✔ [885/976] Replayed Mathlib.GroupTheory.Subsemigroup.Centralizer
✔ [886/976] Replayed Mathlib.GroupTheory.Submonoid.Centralizer
✔ [887/976] Replayed Mathlib.Algebra.Group.Subsemigroup.Membership
✔ [888/976] Replayed Mathlib.Algebra.Group.Subsemigroup.Operations
✔ [889/976] Replayed Mathlib.Algebra.GroupWithZero.Center
✔ [890/976] Replayed Mathlib.Algebra.Ring.Center
✔ [891/976] Replayed Mathlib.Algebra.Ring.Centralizer
✔ [892/976] Replayed Mathlib.Algebra.Ring.Submonoid.Basic
✔ [893/976] Replayed Mathlib.Data.Set.Finite.Range
✔ [894/976] Replayed Mathlib.RingTheory.NonUnitalSubsemiring.Basic
✔ [895/976] Replayed Mathlib.Algebra.Ring.Subsemiring.Basic
✔ [896/976] Replayed Mathlib.RingTheory.NonUnitalSubring.Basic
✔ [897/976] Replayed Mathlib.Data.Set.Finite.Basic
✔ [898/976] Replayed Mathlib.Algebra.Ring.Subring.Basic
✔ [899/976] Replayed Mathlib.Algebra.Order.ZeroLEOne
✔ [900/976] Replayed Mathlib.Data.Nat.Cast.NeZero
✔ [901/976] Replayed Mathlib.Data.Nat.Cast.Order.Basic
✔ [902/976] Replayed Mathlib.Data.Int.Cast.Field
✔ [903/976] Replayed Mathlib.Data.Int.Cast.Pi
✔ [904/976] Replayed Mathlib.Data.Int.CharZero
✔ [905/976] Replayed Mathlib.Algebra.Ring.Hom.InjSurj
✔ [906/976] Replayed Mathlib.Algebra.Algebra.Basic
✔ [907/976] Replayed Mathlib.Algebra.Algebra.Hom
✔ [908/976] Replayed Mathlib.Algebra.Algebra.NonUnitalHom
✔ [909/976] Replayed Mathlib.Algebra.Group.TransferInstance
✔ [910/976] Replayed Mathlib.Algebra.Group.Action.TransferInstance
✔ [911/976] Replayed Mathlib.Logic.Small.Defs
✔ [912/976] Replayed Mathlib.Algebra.Group.Shrink
✔ [913/976] Replayed Mathlib.Algebra.GroupWithZero.Action.TransferInstance
✔ [914/976] Replayed Mathlib.Algebra.NoZeroSMulDivisors.Defs
✔ [915/976] Replayed Mathlib.Algebra.Module.TransferInstance
✔ [916/976] Replayed Mathlib.Algebra.Module.Shrink
✔ [917/976] Replayed Mathlib.Algebra.Group.Irreducible.Defs
✔ [918/976] Replayed Mathlib.Algebra.Group.Irreducible.Lemmas
✔ [919/976] Replayed Mathlib.Algebra.Divisibility.Units
✔ [920/976] Replayed Mathlib.Algebra.GroupWithZero.Divisibility
✔ [921/976] Replayed Mathlib.Algebra.Prime.Defs
✔ [922/976] Replayed Mathlib.Algebra.Prime.Lemmas
✔ [923/976] Replayed Mathlib.Algebra.GroupWithZero.Associated
✔ [924/976] Replayed Mathlib.Algebra.GroupWithZero.NonZeroDivisors
✔ [925/976] Replayed Mathlib.Algebra.Module.Submodule.Range
✔ [926/976] Replayed Mathlib.Algebra.Module.Submodule.Equiv
✔ [927/976] Replayed Mathlib.Algebra.Group.Pointwise.Set.Lattice
✔ [928/976] Replayed Mathlib.Algebra.Group.Subgroup.MulOpposite
✔ [929/976] Replayed Mathlib.Data.Countable.Defs
✔ [930/976] Replayed Mathlib.Data.PNat.Notation
✔ [931/976] Replayed Mathlib.Data.PNat.Defs
✔ [932/976] Replayed Mathlib.Data.PNat.Equiv
✔ [933/976] Replayed Mathlib.Data.Nat.Bits
✔ [934/976] Replayed Mathlib.Data.Nat.Pairing
✔ [935/976] Replayed Mathlib.Logic.Equiv.Nat
✔ [936/976] Replayed Mathlib.Logic.Encodable.Basic
✔ [937/976] Replayed Mathlib.Algebra.Group.Subgroup.MulOppositeLemmas
✔ [938/976] Replayed Mathlib.Algebra.Group.Subgroup.ZPowers.Basic
✔ [939/976] Replayed Mathlib.Algebra.Group.Action.Pointwise.Set.Basic
✔ [940/976] Replayed Mathlib.Algebra.Order.Monoid.Defs
✔ [941/976] Replayed Mathlib.Algebra.Order.Monoid.Canonical.Defs
✔ [942/976] Replayed Mathlib.Algebra.Order.BigOperators.Group.List
✔ [943/976] Replayed Mathlib.Data.Prod.Lex
✔ [944/976] Replayed Mathlib.Data.Sigma.Lex
✔ [945/976] Replayed Mathlib.Lean.Expr.ExtraRecognizers
✔ [946/976] Replayed Mathlib.Data.Set.Notation
✔ [947/976] Replayed Mathlib.Logic.Embedding.Set
✔ [948/976] Replayed Mathlib.Order.RelIso.Set
✔ [949/976] Replayed Mathlib.Order.Preorder.Chain
✔ [950/976] Replayed Mathlib.Order.Antichain
✔ [951/976] Replayed Mathlib.Data.Finset.Max
✔ [952/976] Replayed Mathlib.Data.Finset.Lattice.Union
✔ [953/976] Replayed Mathlib.Data.Nat.Factorial.Basic
✔ [954/976] Replayed Mathlib.Data.Nat.Choose.Basic
✔ [955/976] Replayed Mathlib.Data.List.Sublists
✔ [956/976] Replayed Mathlib.Data.List.Zip
✔ [957/976] Replayed Mathlib.Data.Multiset.Powerset
✔ [958/976] Replayed Mathlib.Data.Set.Pairwise.Lattice
✔ [959/976] Replayed Mathlib.Data.Finset.Powerset
✔ [960/976] Replayed Mathlib.Data.Set.Finite.Powerset
✔ [961/976] Replayed Mathlib.Data.Set.Finite.Lattice
✔ [962/976] Replayed Mathlib.Order.ConditionallyCompletePartialOrder.Indexed
✔ [963/976] Replayed Mathlib.Order.ConditionallyCompleteLattice.Indexed
✔ [964/976] Replayed Mathlib.Order.ConditionallyCompleteLattice.Finset
✔ [965/976] Replayed Mathlib.Algebra.Group.Embedding
✔ [966/976] Replayed Mathlib.Order.Antisymmetrization
✔ [967/976] Replayed Mathlib.Order.Hom.WithTopBot
✔ [968/976] Replayed Mathlib.Data.Set.Order
✔ [969/976] Replayed Mathlib.Order.Interval.Set.Image
✔ [970/976] Replayed Mathlib.Order.Interval.Set.LinearOrder
✔ [971/976] Replayed Mathlib.Order.Interval.Set.UnorderedInterval
✔ [972/976] Replayed Mathlib.Order.Interval.Set.OrderEmbedding
✔ [973/976] Replayed Mathlib.Order.Interval.Set.WithBotTop
✔ [974/1466] Replayed Mathlib.Order.Interval.Set.OrdConnected
✔ [975/1466] Replayed Mathlib.Order.Cover
✔ [976/1466] Replayed Mathlib.Data.Multiset.Pi
✔ [977/1466] Replayed Mathlib.Logic.Function.DependsOn
✔ [978/1466] Replayed Mathlib.Data.Finset.Pi
✔ [979/1466] Replayed Mathlib.Data.Set.Sigma
✔ [980/1466] Replayed Mathlib.Data.Finset.Option
✔ [981/1466] Replayed Mathlib.Order.CompleteLattice.Finset
✔ [982/1466] Replayed Mathlib.Data.Finset.Sigma
✔ [983/1466] Replayed Mathlib.Data.Finset.Preimage
✔ [984/1466] Replayed Mathlib.Order.Interval.Finset.Defs
✔ [985/1466] Replayed Mathlib.Order.Minimal
✔ [986/1466] Replayed Mathlib.Order.Preorder.Finite
✔ [987/1466] Replayed Mathlib.Order.Interval.Finset.Basic
✔ [988/1466] Replayed Mathlib.Order.Interval.Multiset
✔ [989/1466] Replayed Mathlib.Order.Interval.Finset.Nat
✔ [990/1466] Replayed Mathlib.Data.Nat.Lattice
✔ [991/1466] Replayed Mathlib.Data.List.MinMax
✔ [992/1466] Replayed Mathlib.Data.Nat.Order.Lemmas
✔ [993/1466] Replayed Mathlib.Logic.Denumerable
✔ [994/1466] Replayed Mathlib.Order.OrderIsoNat
✔ [995/1466] Replayed Mathlib.Order.WellQuasiOrder
✔ [996/1466] Replayed Mathlib.Order.WellFoundedSet
✔ [997/1466] Replayed Mathlib.Algebra.Group.Submonoid.Pointwise
✔ [998/1466] Replayed Mathlib.Algebra.Group.Commutator
✔ [999/1466] Replayed Mathlib.GroupTheory.Subgroup.Centralizer
✔ [1000/1466] Replayed Mathlib.GroupTheory.GroupAction.ConjAct
✔ [1001/1466] Replayed Mathlib.Algebra.Group.Subgroup.Pointwise
✔ [1002/1466] Replayed Mathlib.Algebra.GroupWithZero.Pointwise.Set.Basic
✔ [1003/1466] Replayed Mathlib.Algebra.GroupWithZero.Action.Pointwise.Set
✔ [1004/1466] Replayed Mathlib.Algebra.GroupWithZero.Submonoid.Pointwise
✔ [1005/1466] Replayed Mathlib.Algebra.GroupWithZero.Subgroup
✔ [1006/1466] Replayed Mathlib.Algebra.Order.Group.Action
✔ [1007/1466] Replayed Mathlib.Algebra.Module.Submodule.Pointwise
✔ [1008/1466] Replayed Mathlib.LinearAlgebra.Span.Defs
✔ [1009/1466] Replayed Mathlib.Data.Set.Monotone
✔ [1010/1466] Replayed Mathlib.Order.LatticeIntervals
✔ [1011/1466] Replayed Mathlib.Order.ModularLattice
✔ [1012/1466] Replayed Mathlib.Order.Iterate
✔ [1013/1466] Replayed Mathlib.Order.SuccPred.Basic
✔ [1014/1466] Replayed Mathlib.Order.Atoms
✔ [1015/1466] Replayed Mathlib.Data.Finset.Lattice.Prod
✔ [1016/1466] Replayed Mathlib.Order.Closure
✔ [1017/1466] Replayed Mathlib.Order.SupClosed
✔ [1018/1466] Replayed Mathlib.Order.CompleteLatticeIntervals
✔ [1019/1466] Replayed Mathlib.Tactic.FinCases
✔ [1020/1466] Replayed Mathlib.Order.SupIndep
✔ [1021/1466] Replayed Mathlib.Order.CompleteLattice.Chain
✔ [1022/1466] Replayed Mathlib.Order.Zorn
✔ [1023/1466] Replayed Mathlib.Data.Finset.Order
✔ [1024/1466] Replayed Mathlib.Order.Interval.Set.OrderIso
✔ [1025/1466] Replayed Mathlib.Data.Finite.Set
✔ [1026/1466] Replayed Mathlib.Order.CompactlyGenerated.Basic
✔ [1027/1466] Replayed Mathlib.Control.Monad.Basic
✔ [1028/1466] Replayed Mathlib.Dynamics.FixedPoints.Basic
✔ [1029/1466] Replayed Mathlib.Data.Part
✔ [1030/1466] Replayed Mathlib.Order.Part
✔ [1031/1466] Replayed Mathlib.Order.ScottContinuity
✔ [1032/1466] Replayed Mathlib.Order.OmegaCompletePartialOrder
✔ [1033/1466] Replayed Mathlib.Algebra.Ring.GrindInstances
✔ [1034/1466] Replayed Mathlib.Algebra.GroupWithZero.Invertible
✔ [1035/1466] Replayed Mathlib.Algebra.Ring.Invertible
✔ [1036/1466] Replayed Mathlib.Algebra.Order.Ring.Synonym
✔ [1037/1466] Replayed Mathlib.Algebra.Order.GroupWithZero.Synonym
✔ [1038/1466] Replayed Mathlib.Algebra.Field.Basic
✔ [1039/1466] Replayed Mathlib.Algebra.Module.Submodule.EqLocus
✔ [1040/1466] Replayed Mathlib.Algebra.Module.Torsion.Field
✔ [1041/1466] Replayed Mathlib.LinearAlgebra.Span.Basic
✔ [1042/1466] Replayed Mathlib.LinearAlgebra.BilinearMap
✔ [1043/1466] Replayed Mathlib.Algebra.Module.Submodule.Bilinear
✔ [1044/1466] Replayed Mathlib.GroupTheory.Congruence.Defs
✔ [1045/1466] Replayed Mathlib.GroupTheory.Congruence.Hom
✔ [1046/1466] Replayed Mathlib.Util.AtomM.Recurse
✔ [1047/1466] Replayed Mathlib.Tactic.HaveI
✔ [1048/1466] Replayed Mathlib.Lean.Expr.Rat
✔ [1049/1466] Replayed Mathlib.Tactic.NormNum.Result
✔ [1050/1466] Replayed Mathlib.Util.Qq
✔ [1051/1466] Replayed Mathlib.Tactic.NormNum.Core
✔ [1052/1466] Replayed Mathlib.Tactic.NormNum.Basic
✔ [1053/1466] Replayed Mathlib.Tactic.TryThis
✔ [1054/1466] Replayed Mathlib.Tactic.Abel
✔ [1055/1466] Replayed Mathlib.LinearAlgebra.TensorProduct.Defs
✔ [1056/1466] Replayed Mathlib.LinearAlgebra.TensorProduct.Basic
✔ [1057/1466] Replayed Mathlib.LinearAlgebra.TensorProduct.Map
✔ [1058/1466] Replayed Mathlib.Algebra.Algebra.Bilinear
✔ [1059/1466] Replayed Mathlib.Algebra.Ring.Action.Group
✔ [1060/1466] Replayed Mathlib.Algebra.Algebra.Equiv
✔ [1061/1466] Replayed Mathlib.Algebra.Algebra.Opposite
✔ [1062/1466] Replayed Mathlib.Data.Fintype.Prod
✔ [1063/1466] Replayed Mathlib.Data.Fintype.Pi
✔ [1064/1466] Replayed Mathlib.Data.Finite.Prod
✔ [1065/1466] Replayed Mathlib.Algebra.Group.Pointwise.Set.Finite
✔ [1066/1466] Replayed Mathlib.Algebra.Group.Pointwise.Set.ListOfFn
✔ [1067/1466] Replayed Mathlib.Algebra.Order.Monoid.Unbundled.WithTop
✔ [1068/1466] Replayed Mathlib.Data.Finset.NAry
✔ [1069/1466] Replayed Mathlib.Algebra.Group.Pointwise.Finset.Basic
✔ [1070/1466] Replayed Mathlib.Data.Finset.Piecewise
✔ [1071/1466] Replayed Mathlib.Algebra.BigOperators.Group.Finset.Piecewise
✔ [1072/1466] Replayed Mathlib.Algebra.Group.Pointwise.Set.BigOperators
✔ [1073/1466] Replayed Mathlib.Algebra.BigOperators.Group.Finset.Lemmas
✔ [1074/1466] Replayed Mathlib.Algebra.Notation.Indicator
✔ [1075/1466] Replayed Mathlib.Algebra.BigOperators.GroupWithZero.Finset
✔ [1076/1466] Replayed Mathlib.Algebra.BigOperators.Pi
✔ [1077/1466] Replayed Mathlib.Algebra.FiniteSupport.Defs
✔ [1078/1466] Replayed Mathlib.Algebra.Group.Indicator
✔ [1079/1466] Replayed Mathlib.Algebra.Notation.FiniteSupport
✔ [1080/1466] Replayed Mathlib.Algebra.Order.Group.Unbundled.Basic
✔ [1081/1466] Replayed Mathlib.Algebra.Order.GroupWithZero.Unbundled.Defs
✔ [1082/1466] Replayed Mathlib.Tactic.Bound.Init
✔ [1083/1466] Replayed Mathlib.Tactic.Bound.Attribute
✔ [1084/1466] Replayed Mathlib.Algebra.Order.GroupWithZero.Unbundled.Basic
✔ [1085/1466] Replayed Mathlib.Algebra.Order.Monoid.NatCast
✔ [1086/1466] Replayed Mathlib.Algebra.Order.Monoid.Unbundled.MinMax
✔ [1087/1466] Replayed Mathlib.Algebra.Order.Ring.Unbundled.Basic
✔ [1088/1466] Replayed Mathlib.Algebra.Order.Group.Defs
✔ [1089/1466] Replayed Mathlib.Algebra.Order.Ring.Defs
✔ [1090/1466] Replayed Mathlib.Algebra.Order.Group.OrderIso
✔ [1091/1466] Replayed Mathlib.Algebra.Order.Group.Lattice
✔ [1092/1466] Replayed Mathlib.Algebra.Order.Group.Unbundled.Abs
✔ [1093/1466] Replayed Mathlib.Algebra.Order.Group.Indicator
✔ [1094/1466] Replayed Mathlib.Algebra.FiniteSupport.Basic
✔ [1095/1466] Replayed Mathlib.Algebra.BigOperators.Group.Finset.Pi
✔ [1096/1466] Replayed Mathlib.Algebra.Ring.Divisibility.Basic
✔ [1097/1466] Replayed Mathlib.Algebra.BigOperators.Ring.List
✔ [1098/1466] Replayed Mathlib.Data.Multiset.Antidiagonal
✔ [1099/1466] Replayed Mathlib.Data.Multiset.Sections
✔ [1100/1466] Replayed Mathlib.Algebra.BigOperators.Ring.Multiset
✔ [1101/1466] Replayed Mathlib.Data.Fintype.Powerset
✔ [1102/1466] Replayed Mathlib.Algebra.BigOperators.Ring.Finset
✔ [1103/1466] Replayed Mathlib.Algebra.GroupWithZero.Units.Lemmas
✔ [1104/1466] Replayed Mathlib.Algebra.Order.Group.Abs
✔ [1105/1466] Replayed Mathlib.Algebra.Order.Hom.Basic
✔ [1106/1466] Replayed Mathlib.Algebra.Order.Ring.Basic
✔ [1107/1466] Replayed Mathlib.Algebra.Order.Group.Int
✔ [1108/1466] Replayed Mathlib.Algebra.Order.Group.Unbundled.Int
✔ [1109/1466] Replayed Mathlib.Algebra.Ring.Int.Parity
✔ [1110/1466] Replayed Mathlib.Data.Int.GCD
✔ [1111/1466] Replayed Mathlib.Algebra.Order.Ring.Int
✔ [1112/1466] Replayed Mathlib.Algebra.Ring.Int.Units
✔ [1113/1466] Replayed Mathlib.Algebra.Order.Group.Nat
✔ [1114/1466] Replayed Mathlib.Algebra.Group.WithOne.Map
✔ [1115/1466] Replayed Mathlib.Algebra.Order.Monoid.WithTop
✔ [1116/1466] Replayed Mathlib.Algebra.Regular.Basic
✔ [1117/1466] Replayed Mathlib.Algebra.Order.AddGroupWithTop
✔ [1118/1466] Replayed Mathlib.Algebra.Order.Monoid.Units
✔ [1119/1466] Replayed Mathlib.Algebra.Order.Group.Units
✔ [1120/1466] Replayed Mathlib.Algebra.Order.Monoid.OrderDual
✔ [1121/1466] Replayed Mathlib.Algebra.Order.Monoid.Unbundled.TypeTags
✔ [1122/1466] Replayed Mathlib.Algebra.Order.Monoid.TypeTags
✔ [1123/1466] Replayed Mathlib.Algebra.Order.GroupWithZero.Canonical
✔ [1124/1466] Replayed Mathlib.Algebra.Order.Ring.Nat
✔ [1125/1466] Replayed Mathlib.Algebra.Order.Sub.Basic
✔ [1126/1466] Replayed Mathlib.Data.Nat.Cast.Order.Ring
✔ [1127/1466] Replayed Mathlib.Algebra.Order.Ring.Abs
✔ [1128/1466] Replayed Mathlib.Control.Basic
✔ [1129/1466] Replayed Mathlib.Algebra.Order.Invertible
✔ [1130/1466] Replayed Mathlib.Algebra.Order.Ring.Cast
✔ [1131/1466] Replayed Mathlib.Tactic.Positivity.Core
✔ [1132/1466] Replayed Mathlib.Algebra.Order.AbsoluteValue.Basic
✔ [1133/1466] Replayed Mathlib.Algebra.Order.BigOperators.Group.Multiset
✔ [1134/1466] Replayed Mathlib.Data.Multiset.OrderedMonoid
✔ [1135/1466] Replayed Mathlib.Algebra.BigOperators.Group.Finset.Sigma
✔ [1136/1466] Replayed Mathlib.Algebra.Order.BigOperators.Group.Finset
✔ [1137/1466] Replayed Mathlib.Algebra.Order.Nonneg.Basic
✔ [1138/1466] Replayed Mathlib.Data.Rat.Defs
✔ [1139/1466] Replayed Mathlib.Algebra.Order.Ring.Unbundled.Rat
✔ [1140/1466] Replayed Mathlib.Algebra.Ring.Rat
✔ [1141/1466] Replayed Mathlib.Data.NNRat.Defs
✔ [1142/1466] Replayed Mathlib.Algebra.Field.Rat
✔ [1143/1466] Replayed Mathlib.Algebra.Group.Semiconj.Basic
✔ [1144/1466] Replayed Mathlib.Algebra.Group.Commute.Basic
✔ [1145/1466] Replayed Mathlib.Data.Rat.Lemmas
✔ [1146/1466] Replayed Mathlib.Data.Rat.Cast.Defs
✔ [1147/1466] Replayed Mathlib.Data.Rat.Cast.CharZero
✔ [1148/1466] Replayed Mathlib.Tactic.NormNum.Inv
✔ [1149/1466] Replayed Mathlib.Tactic.NormNum.Pow
✔ [1150/1466] Replayed Mathlib.Tactic.Ring.Common
✔ [1151/1466] Replayed Mathlib.Tactic.Ring.Basic
✔ [1152/1466] Replayed Mathlib.Algebra.Order.Positive.Ring
✔ [1153/1466] Replayed Mathlib.Data.PNat.Basic
✔ [1154/1466] Replayed Mathlib.Tactic.Ring.PNat
✔ [1155/1466] Replayed Mathlib.Tactic.Ring.RingNF
✔ [1156/1466] Replayed Mathlib.Tactic.Ring
✔ [1157/1466] Replayed Mathlib.Algebra.Order.BigOperators.GroupWithZero.Finset
✔ [1158/1466] Replayed Mathlib.Algebra.Order.BigOperators.GroupWithZero.List
✔ [1159/1466] Replayed Mathlib.Algebra.Order.BigOperators.GroupWithZero.Multiset
✔ [1160/1466] Replayed Mathlib.Algebra.Order.Ring.Canonical
✔ [1161/1466] Replayed Mathlib.Algebra.Order.BigOperators.Ring.List
✔ [1162/1466] Replayed Mathlib.Algebra.Order.BigOperators.Ring.Multiset
✔ [1163/1466] Replayed Mathlib.Algebra.Order.BigOperators.Ring.Finset
✔ [1164/1466] Replayed Mathlib.Algebra.BigOperators.Finprod
✔ [1165/1466] Replayed Mathlib.Algebra.BigOperators.GroupWithZero.Action
✔ [1166/1466] Replayed Mathlib.Algebra.Module.Basic
✔ [1167/1466] Replayed Mathlib.Data.Finsupp.Defs
✔ [1168/1466] Replayed Mathlib.Data.Finsupp.Single
✔ [1169/1466] Replayed Mathlib.Algebra.Group.Finsupp
✔ [1170/1466] Replayed Mathlib.Data.Finsupp.Ext
✔ [1171/1466] Replayed Mathlib.Data.Finsupp.Indicator
✔ [1172/1466] Replayed Mathlib.Algebra.BigOperators.Finsupp.Basic
✔ [1173/1466] Replayed Mathlib.Algebra.BigOperators.Group.Finset.Preimage
✔ [1174/1466] Replayed Mathlib.Data.Rat.BigOperators
✔ [1175/1466] Replayed Mathlib.Data.Finsupp.Basic
✔ [1176/1466] Replayed Mathlib.Data.Finsupp.SMulWithZero
✔ [1177/1466] Replayed Mathlib.Data.Finsupp.SMul
✔ [1178/1466] Replayed Mathlib.LinearAlgebra.Finsupp.Defs
✔ [1179/1466] Replayed Mathlib.LinearAlgebra.Finsupp.LSum
✔ [1180/1466] Replayed Mathlib.LinearAlgebra.Finsupp.Supported
✔ [1181/1466] Replayed Mathlib.Algebra.Module.Submodule.Finsupp
✔ [1182/1466] Replayed Mathlib.Algebra.Ring.NonZeroDivisors
✔ [1183/1466] Replayed Mathlib.Algebra.Ring.Submonoid.Pointwise
✔ [1184/1466] Replayed Mathlib.Algebra.Order.Kleene
✔ [1185/1466] Replayed Mathlib.Data.Set.Semiring
✔ [1186/1466] Replayed Mathlib.GroupTheory.GroupAction.SubMulAction.Pointwise
✔ [1187/1466] Replayed Mathlib.Algebra.Algebra.Operations
✔ [1188/1466] Replayed Mathlib.Data.Set.UnionLift
✔ [1189/1466] Replayed Mathlib.Algebra.Algebra.NonUnitalSubalgebra
✔ [1190/1466] Replayed Mathlib.GroupTheory.Congruence.Basic
✔ [1191/1466] Replayed Mathlib.RingTheory.Congruence.Defs
✔ [1192/1466] Replayed Mathlib.RingTheory.Congruence.Basic
✔ [1193/1466] Replayed Mathlib.GroupTheory.Congruence.Opposite
✔ [1194/1466] Replayed Mathlib.RingTheory.Congruence.Opposite
✔ [1195/1466] Replayed Mathlib.RingTheory.TwoSidedIdeal.Basic
✔ [1196/1466] Replayed Mathlib.RingTheory.TwoSidedIdeal.Lattice
✔ [1197/1466] Replayed Mathlib.RingTheory.SimpleRing.Defs
✔ [1198/1466] Replayed Mathlib.RingTheory.TwoSidedIdeal.Kernel
✔ [1199/1466] Replayed Mathlib.RingTheory.SimpleRing.Basic
✔ [1200/1466] Replayed Mathlib.Algebra.Algebra.Subalgebra.Basic
✔ [1201/1466] Replayed Mathlib.Algebra.Algebra.Subalgebra.Lattice
✔ [1202/1466] Replayed Mathlib.Algebra.Central.Defs
✔ [1203/1466] Replayed Mathlib.Algebra.Central.Basic
✔ [1204/1466] Replayed Mathlib.Algebra.Order.Archimedean.Defs
✔ [1205/1466] Replayed Mathlib.Data.Int.LeastGreatest
✔ [1206/1466] Replayed Mathlib.Algebra.Order.Floor.Defs
✔ [1207/1466] Replayed Mathlib.Algebra.Order.Floor.Semiring
✔ [1208/1466] Replayed Mathlib.Order.Bounds.OrderIso
✔ [1209/1466] Replayed Mathlib.Algebra.GroupWithZero.Units.Equiv
✔ [1210/1466] Replayed Mathlib.Algebra.Order.GroupWithZero.Unbundled.OrderIso
✔ [1211/1466] Replayed Mathlib.Algebra.Order.Field.Basic
✔ [1212/1466] Replayed Mathlib.Data.Ineq
✔ [1213/1466] Replayed Mathlib.Tactic.FieldSimp.Attr
✔ [1214/1466] Replayed Mathlib.Util.DischargerAsTactic
✔ [1215/1466] Replayed Mathlib.Tactic.FieldSimp.Discharger
✔ [1216/1466] Replayed Mathlib.Algebra.Field.Power
✔ [1217/1466] Replayed Mathlib.Tactic.FieldSimp.Lemmas
✔ [1218/1466] Replayed Mathlib.Util.SynthesizeUsing
✔ [1219/1466] Replayed Mathlib.Tactic.FieldSimp
✔ [1220/1466] Replayed Mathlib.Tactic.Field
✔ [1221/1466] Replayed Mathlib.Tactic.Linarith.Lemmas
✔ [1222/1466] Replayed Mathlib.Tactic.Linarith.Datatypes
✔ [1223/1466] Replayed Mathlib.Tactic.Linarith.Oracle.SimplexAlgorithm.Datatypes
✔ [1224/1466] Replayed Mathlib.Tactic.Linarith.Oracle.SimplexAlgorithm.Gauss
✔ [1225/1466] Replayed Mathlib.Tactic.Linarith.Oracle.SimplexAlgorithm.SimplexAlgorithm
✔ [1226/1466] Replayed Mathlib.Tactic.Linarith.Oracle.SimplexAlgorithm.PositiveVector
✔ [1227/1466] Replayed Mathlib.Tactic.Linarith.Oracle.SimplexAlgorithm
✔ [1228/1466] Replayed Mathlib.Lean.Meta.Tactic.Rewrite
✔ [1229/1466] Replayed Mathlib.Data.Tree.Basic
✔ [1230/1466] Replayed Mathlib.Tactic.CancelDenoms.Core
✔ [1231/1466] Replayed Mathlib.Tactic.Zify
✔ [1232/1466] Replayed Mathlib.Tactic.Linarith.Preprocessing
✔ [1233/1466] Replayed Mathlib.Tactic.Linarith.Parsing
✔ [1234/1466] Replayed Mathlib.Tactic.Linarith.Verification
✔ [1235/1466] Replayed Mathlib.Util.ElabWithoutMVars
✔ [1236/1466] Replayed Mathlib.Tactic.Linarith.Frontend
✔ [1237/1466] Replayed Mathlib.Algebra.Order.Field.Canonical
✔ [1238/1466] Replayed Mathlib.Algebra.Order.Nonneg.Lattice
✔ [1239/1466] Replayed Mathlib.Algebra.Order.Monoid.Basic
✔ [1240/1466] Replayed Mathlib.Algebra.Order.Ring.InjSurj
✔ [1241/1466] Replayed Mathlib.Algebra.Order.Nonneg.Ring
✔ [1242/1466] Replayed Mathlib.Algebra.Order.Nonneg.Field
✔ [1243/1466] Replayed Mathlib.Algebra.Order.Ring.Rat
✔ [1244/1466] Replayed Mathlib.Algebra.Order.Field.Rat
✔ [1245/1466] Replayed Mathlib.Data.Rat.Cast.Order
✔ [1246/1466] Replayed Mathlib.Tactic.NormNum.Abs
✔ [1247/1466] Replayed Mathlib.Tactic.NormNum.Eq
✔ [1248/1466] Replayed Mathlib.Tactic.NormNum.Ineq
✔ [1249/1466] Replayed Mathlib.Tactic.NormNum.DivMod
✔ [1250/1466] Replayed Mathlib.Algebra.Notation
✔ [1251/1466] Replayed Mathlib.Algebra.Order.Group.PosPart
✔ [1252/1466] Replayed Mathlib.Tactic.Positivity.Basic
✔ [1253/1466] Replayed Mathlib.Data.Rat.Cast.Lemmas
✔ [1254/1466] Replayed Mathlib.Tactic.NormNum.OfScientific
✔ [1255/1466] Replayed Mathlib.Tactic.NormNum
✔ [1256/1466] Replayed Mathlib.Tactic.Linarith
✔ [1257/1466] Replayed Mathlib.Algebra.Order.Floor.Ring
✔ [1258/1466] Replayed Mathlib.Algebra.Order.Round
✔ [1259/1466] Replayed Mathlib.Data.Rat.Floor
✔ [1260/1466] Replayed Mathlib.Algebra.Order.Group.Basic
✔ [1261/1466] Replayed Mathlib.Algebra.Order.Ring.Pow
✔ [1262/1466] Replayed Mathlib.Algebra.Order.Archimedean.Basic
✔ [1263/1466] Replayed Mathlib.Algebra.Order.Group.MinMax
✔ [1264/1466] Replayed Mathlib.GroupTheory.GroupAction.Ring
✔ [1265/1466] Replayed Mathlib.Algebra.Order.CauSeq.Basic
✔ [1266/1466] Replayed Mathlib.Algebra.Ring.Action.Rat
✔ [1267/1466] Replayed Mathlib.Algebra.Order.CauSeq.Completion
✔ [1268/1466] Replayed Mathlib.Data.Real.Basic
✔ [1269/1466] Replayed Mathlib.Order.Interval.Set.Disjoint
✔ [1270/1466] Replayed Mathlib.Algebra.Order.Group.Pointwise.Bounds
✔ [1271/1466] Replayed Mathlib.Algebra.Order.Group.Pointwise.CompleteLattice
✔ [1272/1466] Replayed Mathlib.Data.Real.Archimedean
✔ [1273/1466] Replayed Mathlib.Algebra.Ring.Action.Pointwise.Set
✔ [1274/1466] Replayed Mathlib.Algebra.Module.LinearMap.Prod
✔ [1275/1466] Replayed Mathlib.Algebra.Order.Group.Action.Synonym
✔ [1276/1466] Replayed Mathlib.Algebra.Order.GroupWithZero.Action.Synonym
✔ [1277/1466] Replayed Mathlib.Algebra.Order.Module.Synonym
✔ [1278/1466] Replayed Mathlib.Algebra.Order.Interval.Set.Monoid
✔ [1279/1466] Replayed Mathlib.Algebra.Order.Group.Pointwise.Interval
✔ [1280/1466] Replayed Mathlib.Algebra.Order.Module.Defs
✔ [1281/1466] Replayed Mathlib.Data.Fin.VecNotation
✔ [1282/1466] Replayed Mathlib.Algebra.Group.Fin.Tuple
✔ [1283/1466] Replayed Mathlib.Logic.Equiv.Fin.Basic
✔ [1284/1466] Replayed Mathlib.Algebra.Algebra.Prod
✔ [1285/1466] Replayed Mathlib.Algebra.Group.Graph
✔ [1286/1466] Replayed Mathlib.LinearAlgebra.Prod
✔ [1287/1466] Replayed Mathlib.Data.Fintype.Option
✔ [1288/1466] Replayed Mathlib.LinearAlgebra.Pi
✔ [1289/1466] Replayed Mathlib.Algebra.AddTorsor.Defs
✔ [1290/1466] Replayed Mathlib.Algebra.AddTorsor.Basic
✔ [1291/1466] Replayed Mathlib.LinearAlgebra.AffineSpace.Defs
✔ [1292/1466] Replayed Mathlib.LinearAlgebra.AffineSpace.AffineMap
✔ [1293/1466] Replayed Mathlib.LinearAlgebra.GeneralLinearGroup.Basic
✔ [1294/1466] Replayed Mathlib.LinearAlgebra.AffineSpace.AffineEquiv
✔ [1295/1466] Replayed Mathlib.LinearAlgebra.AffineSpace.Midpoint
✔ [1296/1466] Replayed Mathlib.Algebra.BigOperators.Option
✔ [1297/1466] Replayed Mathlib.Data.Fintype.Sigma
✔ [1298/1466] Replayed Mathlib.Data.Fintype.Sum
✔ [1299/1466] Replayed Mathlib.Data.Vector.Defs
✔ [1300/1466] Replayed Mathlib.Control.Applicative
✔ [1301/1466] Replayed Mathlib.Control.Traversable.Basic
✔ [1302/1466] Replayed Mathlib.Data.Vector.Basic
✔ [1303/1466] Replayed Mathlib.Data.Sym.Basic
✔ [1304/1466] Replayed Mathlib.Data.Fintype.Vector
✔ [1305/1466] Replayed Mathlib.Data.Fintype.BigOperators
✔ [1306/1466] Replayed Mathlib.Data.Finset.Fin
✔ [1307/1466] Replayed Mathlib.Order.Interval.Set.Fin
✔ [1308/1466] Replayed Mathlib.Order.Interval.Finset.Fin
✔ [1309/1466] Replayed Mathlib.Data.Fintype.Fin
✔ [1310/1466] Replayed Mathlib.Algebra.BigOperators.Fin
✔ [1311/1466] Replayed Mathlib.Data.Fin.Tuple.Reflection
✔ [1312/1466] Replayed Mathlib.LinearAlgebra.Dual.Defs
✔ [1313/1466] Replayed Mathlib.LinearAlgebra.Finsupp.SumProd
✔ [1314/1466] Replayed Mathlib.Data.Finsupp.Option
✔ [1315/1466] Replayed Mathlib.LinearAlgebra.Finsupp.LinearCombination
✔ [1316/1466] Replayed Mathlib.LinearAlgebra.LinearIndependent.Defs
✔ [1317/1466] Replayed Mathlib.LinearAlgebra.LinearIndependent.Basic
✔ [1318/1466] Replayed Mathlib.Algebra.Group.Fin.Basic
✔ [1319/1466] Replayed Mathlib.Logic.Equiv.Fin.Rotate
✔ [1320/1466] Replayed Mathlib.Algebra.Algebra.Tower
✔ [1321/1466] Replayed Mathlib.Tactic.Module
✔ [1322/1466] Replayed Mathlib.LinearAlgebra.LinearIndependent.Lemmas
✔ [1323/1466] Replayed Mathlib.Algebra.Order.Algebra
✔ [1324/1466] Replayed Mathlib.Algebra.Order.GroupWithZero.Submonoid
✔ [1325/1466] Replayed Mathlib.Algebra.Ring.Subring.Units
✔ [1326/1466] Replayed Mathlib.Tactic.LinearCombination.Lemmas
✔ [1327/1466] Replayed Mathlib.Tactic.Ring.Compare
✔ [1328/1466] Replayed Mathlib.Tactic.LinearCombination
✔ [1329/1466] Replayed Mathlib.Algebra.NoZeroSMulDivisors.Basic
✔ [1330/1466] Replayed Mathlib.LinearAlgebra.Ray
✔ [1331/1466] Replayed Mathlib.Analysis.Convex.Segment
✔ [1332/1466] Replayed Mathlib.Analysis.Convex.Star
✔ [1333/1466] Replayed Mathlib.LinearAlgebra.AffineSpace.AffineSubspace.Defs
✔ [1334/1466] Replayed Mathlib.Tactic.NoncommRing
✔ [1335/1466] Replayed Mathlib.Analysis.Convex.Basic
✔ [1336/1466] Replayed Mathlib.Analysis.Convex.Hull
✔ [1337/1466] Replayed Mathlib.Geometry.Convex.Cone.Basic
✔ [1338/1466] Replayed Mathlib.LinearAlgebra.LinearPMap
✔ [1339/1466] Replayed Mathlib.Analysis.Convex.Cone.Extension
✔ [1340/1466] Replayed Mathlib.Algebra.Group.Submonoid.Units
✔ [1341/1466] Replayed Mathlib.Order.Filter.Defs
✔ [1342/1466] Replayed Mathlib.Order.Filter.Basic
✔ [1343/1466] Replayed Mathlib.Order.Filter.Map
✔ [1344/1466] Replayed Mathlib.Order.Filter.Bases.Basic
✔ [1345/1466] Replayed Mathlib.Order.Filter.Finite
✔ [1346/1466] Replayed Mathlib.Order.Filter.Bases.Finite
✔ [1347/1466] Replayed Mathlib.Tactic.Continuity.Init
✔ [1348/1466] Replayed Mathlib.Tactic.Continuity
✔ [1349/1466] Replayed Mathlib.Topology.Defs.Basic
✔ [1350/1466] Replayed Mathlib.Topology.ContinuousMap.Defs
✔ [1351/1466] Replayed Mathlib.Order.Filter.AtTopBot.Defs
✔ [1352/1466] Replayed Mathlib.Order.Filter.AtTopBot.Disjoint
✔ [1353/1466] Replayed Mathlib.Order.Filter.Tendsto
✔ [1354/1466] Replayed Mathlib.Order.Filter.AtTopBot.Tendsto
✔ [1355/1466] Replayed Mathlib.Order.Filter.AtTopBot.Basic
✔ [1356/1466] Replayed Mathlib.Order.Filter.Prod
✔ [1357/1466] Replayed Mathlib.Order.Filter.Lift
✔ [1358/1466] Replayed Mathlib.Topology.Defs.Filter
✔ [1359/1466] Replayed Mathlib.Topology.Basic
✔ [1360/1466] Replayed Mathlib.Topology.Closure
✔ [1361/1466] Replayed Mathlib.Topology.Neighborhoods
✔ [1362/1466] Replayed Mathlib.Topology.ClusterPt
✔ [1363/1466] Replayed Mathlib.Topology.Continuous
✔ [1364/1466] Replayed Mathlib.Topology.Defs.Induced
✔ [1365/1466] Replayed Mathlib.Topology.Order
✔ [1366/1466] Replayed Mathlib.Topology.NhdsSet
✔ [1367/1466] Replayed Mathlib.Topology.Maps.Basic
✔ [1368/1466] Replayed Mathlib.Topology.Homeomorph.Defs
✔ [1369/1466] Replayed Mathlib.Topology.Separation.SeparatedNhds
✔ [1370/1466] Replayed Mathlib.Topology.Constructions.SumProd
✔ [1371/1466] Replayed Mathlib.Topology.Algebra.Monoid.Defs
✔ [1372/1466] Replayed Mathlib.Topology.Algebra.Group.Defs
✔ [1373/1466] Replayed Mathlib.Order.Filter.AtTopBot.Map
✔ [1374/1466] Replayed Mathlib.Order.Filter.NAry
✔ [1375/1466] Replayed Mathlib.Order.ZornAtoms
✔ [1376/1466] Replayed Mathlib.Order.Filter.Ultrafilter.Defs
✔ [1377/1466] Replayed Mathlib.Order.Filter.Pointwise
✔ [1378/1466] Replayed Mathlib.Data.Set.Constructions
✔ [1379/1466] Replayed Mathlib.Data.Set.Finite.Lemmas
✔ [1380/1466] Replayed Mathlib.Order.Filter.AtTopBot.Finite
✔ [1381/1466] Replayed Mathlib.Order.Filter.AtTopBot.Prod
✔ [1382/1466] Replayed Mathlib.Data.ENat.Defs
✔ [1383/1466] Replayed Mathlib.Data.Countable.Basic
✔ [1384/1466] Replayed Mathlib.Logic.Equiv.List
✔ [1385/1466] Replayed Mathlib.Data.Set.Countable
✔ [1386/1466] Replayed Mathlib.Order.Filter.CountablyGenerated
✔ [1387/1466] Replayed Mathlib.Order.Filter.AtTopBot.CountablyGenerated
✔ [1388/1466] Replayed Mathlib.Order.Filter.Ker
✔ [1389/1466] Replayed Mathlib.Order.Filter.Pi
✔ [1390/1466] Replayed Mathlib.Order.Heyting.Boundary
✔ [1391/1466] Replayed Mathlib.Order.Filter.Cofinite
✔ [1392/1466] Replayed Mathlib.Order.Filter.Curry
✔ [1393/1466] Replayed Mathlib.Topology.Constructions
✔ [1394/1466] Replayed Mathlib.Topology.NhdsWithin
✔ [1395/1466] Replayed Mathlib.Topology.Bases
✔ [1396/1466] Replayed Mathlib.Data.Fintype.Order
✔ [1397/1466] Replayed Mathlib.Order.PartialSups
✔ [1398/1466] Replayed Mathlib.Data.Set.Accumulate
✔ [1399/1466] Replayed Mathlib.Topology.Bornology.Basic
✔ [1400/1466] Replayed Mathlib.Topology.ContinuousOn
✔ [1401/1466] Replayed Mathlib.Order.Filter.Ultrafilter.Basic
✔ [1402/1466] Replayed Mathlib.Topology.Ultrafilter
✔ [1403/1466] Replayed Mathlib.Topology.Defs.Ultrafilter
✔ [1404/1466] Replayed Mathlib.Topology.Compactness.Compact
✔ [1405/1466] Replayed Mathlib.Topology.Compactness.LocallyCompact
✔ [1406/1466] Replayed Mathlib.Order.Filter.SmallSets
✔ [1407/1466] Replayed Mathlib.Topology.LocallyFinite
✔ [1408/1466] Replayed Mathlib.Topology.Compactness.LocallyFinite
✔ [1409/1466] Replayed Mathlib.Topology.Compactness.SigmaCompact
✔ [1410/1466] Replayed Mathlib.Tactic.TautoSet
✔ [1411/1466] Replayed Mathlib.Data.Set.Functor
✔ [1412/1466] Replayed Mathlib.Data.Set.Subset
✔ [1413/1466] Replayed Mathlib.Order.UpperLower.Basic
✔ [1414/1466] Replayed Mathlib.Order.UpperLower.CompleteLattice
✔ [1415/1466] Replayed Mathlib.Order.UpperLower.Principal
✔ [1416/1466] Replayed Mathlib.Order.UpperLower.Closure
✔ [1417/1466] Replayed Mathlib.Order.UpperLower.Fibration
✔ [1418/1466] Replayed Mathlib.Order.Filter.CountableInter
✔ [1419/1466] Replayed Mathlib.Topology.GDelta.Basic
✔ [1420/1466] Replayed Mathlib.Topology.Baire.Lemmas
✔ [1421/1466] Replayed Mathlib.Topology.Maps.OpenQuotient
✔ [1422/1466] Replayed Mathlib.Topology.Inseparable
✔ [1423/1466] Replayed Mathlib.Topology.Piecewise
✔ [1424/1466] Replayed Mathlib.Topology.Separation.Basic
✔ [1425/1466] Replayed Mathlib.Topology.DiscreteSubset
✔ [1426/1466] Replayed Mathlib.Topology.Irreducible
✔ [1427/1466] Replayed Mathlib.Topology.Separation.Hausdorff
✔ [1428/1466] Replayed Mathlib.Order.SuccPred.Archimedean
✔ [1429/1466] Replayed Mathlib.Order.SuccPred.Relation
✔ [1430/1466] Replayed Mathlib.Topology.Order.LeftRight
✔ [1431/1466] Replayed Mathlib.Topology.Order.OrderClosed
✔ [1432/1466] Replayed Mathlib.Topology.Connected.Basic
✔ [1433/1466] Replayed Mathlib.Data.Finite.Sigma
✔ [1434/1466] Replayed Mathlib.Data.Set.BoolIndicator
✔ [1435/1466] Replayed Mathlib.Topology.Clopen
✔ [1436/1466] Replayed Mathlib.Topology.Connected.Clopen
✔ [1437/1466] Replayed Mathlib.Topology.Connected.LocallyConnected
✔ [1438/1466] Replayed Mathlib.Topology.Compactness.Lindelof
✔ [1439/1466] Replayed Mathlib.Topology.Separation.Regular
✔ [1440/1466] Replayed Mathlib.Topology.DenseEmbedding
✔ [1441/1466] Replayed Mathlib.Topology.Connected.TotallyDisconnected
✔ [1442/1466] Replayed Mathlib.Topology.Homeomorph.Lemmas
✔ [1443/1466] Replayed Mathlib.Topology.Algebra.Constructions
✔ [1444/1466] Replayed Mathlib.Algebra.GroupWithZero.Indicator
✔ [1445/1466] Replayed Mathlib.Topology.Algebra.Support
✔ [1446/1466] Replayed Mathlib.Topology.Algebra.ConstMulAction
✔ [1447/1466] Replayed Mathlib.Topology.Algebra.MulAction
✔ [1448/1466] Replayed Mathlib.Topology.Algebra.Monoid
✔ [1449/1466] Replayed Mathlib.Topology.Algebra.Group.Basic
✔ [1450/1466] Replayed Mathlib.Topology.Maps.Proper.Basic
✔ [1451/1466] Replayed Mathlib.Topology.Algebra.Group.Pointwise
✔ [1452/1466] Replayed Mathlib.Order.Filter.Interval
✔ [1453/1466] Replayed Mathlib.Order.Interval.Set.Pi
✔ [1454/1466] Replayed Mathlib.Order.OrdContinuous
✔ [1455/1466] Replayed Mathlib.Topology.Order.Basic
✔ [1456/1466] Replayed Mathlib.Analysis.Convex.Strict
✔ [1457/1466] Replayed Mathlib.Algebra.BigOperators.Group.Finset.Indicator
✔ [1458/1466] Replayed Mathlib.Algebra.Module.BigOperators
✔ [1459/1466] Replayed Mathlib.LinearAlgebra.AffineSpace.AffineSubspace.Basic
✔ [1460/1466] Replayed Mathlib.LinearAlgebra.AffineSpace.Combination
✔ [1461/1466] Replayed Mathlib.LinearAlgebra.AffineSpace.Centroid
✔ [1462/1466] Replayed Mathlib.Tactic.ProxyType
✔ [1463/1466] Replayed Mathlib.Tactic.DeriveFintype
✔ [1464/1466] Replayed Mathlib.Data.Sign.Defs
✔ [1465/1913] Replayed Mathlib.Data.Sign.Basic
✔ [1466/1913] Replayed Mathlib.Data.Finsupp.Fintype
✔ [1467/1913] Replayed Mathlib.LinearAlgebra.Basis.Defs
✔ [1468/1913] Replayed Mathlib.LinearAlgebra.Basis.Basic
✔ [1469/1913] Replayed Mathlib.Logic.Small.Basic
✔ [1470/1913] Replayed Mathlib.LinearAlgebra.FreeModule.Basic
✔ [1471/1913] Replayed Mathlib.Algebra.Quotient
✔ [1472/1913] Replayed Mathlib.GroupTheory.Coset.Defs
✔ [1473/1913] Replayed Mathlib.GroupTheory.Coset.Basic
✔ [1474/1913] Replayed Mathlib.GroupTheory.QuotientGroup.Defs
✔ [1475/1913] Replayed Mathlib.GroupTheory.QuotientGroup.Basic
✔ [1476/1913] Replayed Mathlib.LinearAlgebra.Quotient.Defs
✔ [1477/1913] Replayed Mathlib.LinearAlgebra.Quotient.Basic
✔ [1478/1913] Replayed Mathlib.Order.Sublattice
✔ [1479/1913] Replayed Mathlib.Algebra.Module.Submodule.Invariant
✔ [1480/1913] Replayed Mathlib.Algebra.GroupWithZero.Idempotent
✔ [1481/1913] Replayed Mathlib.Algebra.Ring.Idempotent
✔ [1482/1913] Replayed Mathlib.LinearAlgebra.Projection
✔ [1483/1913] Replayed Mathlib.LinearAlgebra.Basis.VectorSpace
✔ [1484/1913] Replayed Mathlib.LinearAlgebra.AffineSpace.Independent
✔ [1485/1913] Replayed Mathlib.LinearAlgebra.AffineSpace.Pointwise
✔ [1486/1913] Replayed Mathlib.LinearAlgebra.Basis.SMul
✔ [1487/1913] Replayed Mathlib.LinearAlgebra.AffineSpace.Basis
✔ [1488/1913] Replayed Mathlib.Data.Multiset.Sort
✔ [1489/1913] Replayed Mathlib.Data.Finset.Sort
✔ [1490/1913] Replayed Mathlib.LinearAlgebra.AffineSpace.Restrict
✔ [1491/1913] Replayed Mathlib.LinearAlgebra.AffineSpace.Simplex.Basic
✔ [1492/1913] Replayed Mathlib.Analysis.Convex.Combination
✔ [1493/1913] Replayed Mathlib.Order.Interval.Set.ProjIcc
✔ [1494/1913] Replayed Mathlib.Topology.Order.ProjIcc
✔ [1495/1913] Replayed Mathlib.Topology.Hom.ContinuousEvalConst
✔ [1496/1913] Replayed Mathlib.Topology.Hom.ContinuousEval
✔ [1497/1913] Replayed Mathlib.Topology.ContinuousMap.Basic
✔ [1498/1913] Replayed Mathlib.Topology.CompactOpen
✔ [1499/1913] Replayed Mathlib.Algebra.Ring.Regular
✔ [1500/1913] Replayed Mathlib.Algebra.Order.Interval.Set.Instances
✔ [1501/1913] Replayed Mathlib.Algebra.Order.Ring.WithTop
✔ [1502/1913] Replayed Mathlib.Algebra.Order.Sub.WithTop
✔ [1503/1913] Replayed Mathlib.Algebra.Order.Nonneg.Module
✔ [1504/1913] Replayed Mathlib.Data.NNReal.Defs
✔ [1505/1913] Replayed Mathlib.Data.ENNReal.Basic
✔ [1506/1913] Replayed Mathlib.Data.ENNReal.Real
✔ [1507/1913] Replayed Mathlib.Tactic.Finiteness
✔ [1508/1913] Replayed Mathlib.Data.ENNReal.Operations
✔ [1509/1913] Replayed Mathlib.Data.EReal.Basic
✔ [1510/1913] Replayed Mathlib.Data.EReal.Operations
✔ [1511/1913] Replayed Mathlib.Order.Filter.AtTopBot.Monoid
✔ [1512/1913] Replayed Mathlib.Order.Filter.AtTopBot.Group
✔ [1513/1913] Replayed Mathlib.Order.Filter.AtTopBot.Ring
✔ [1514/1913] Replayed Mathlib.Order.Filter.AtTopBot.Field
✔ [1515/1913] Replayed Mathlib.Algebra.Field.Subfield.Defs
✔ [1516/1913] Replayed Mathlib.Topology.Algebra.GroupWithZero
✔ [1517/1913] Replayed Mathlib.Topology.Algebra.ContinuousMonoidHom
✔ [1518/1913] Replayed Mathlib.Topology.Algebra.Group.GroupTopology
✔ [1519/1913] Replayed Mathlib.Topology.Algebra.Ring.Basic
✔ [1520/1913] Replayed Mathlib.Order.Filter.Extr
✔ [1521/1913] Replayed Mathlib.Topology.Order.LocalExtr
✔ [1522/1913] Replayed Mathlib.Topology.Algebra.Field
✔ [1523/1913] Replayed Mathlib.Order.Filter.AtTopBot.CompleteLattice
✔ [1524/1913] Replayed Mathlib.Topology.Order.LeftRightNhds
✔ [1525/1913] Replayed Mathlib.Topology.Algebra.Order.Group
✔ [1526/1913] Replayed Mathlib.Topology.Algebra.Order.Field
✔ [1527/1913] Replayed Mathlib.Data.Rel
✔ [1528/1913] Replayed Mathlib.Data.Rel.Separated
✔ [1529/1913] Replayed Mathlib.Data.Rel.Cover
✔ [1530/1913] Replayed Mathlib.Topology.UniformSpace.Defs
✔ [1531/1913] Replayed Mathlib.Topology.UniformSpace.Basic
✔ [1532/1913] Replayed Mathlib.Topology.Algebra.IsUniformGroup.Defs
✔ [1533/1913] Replayed Mathlib.Topology.Bornology.Constructions
✔ [1534/1913] Replayed Mathlib.Topology.Order.Bornology
✔ [1535/1913] Replayed Mathlib.Topology.Order.IsLUB
✔ [1536/1913] Replayed Mathlib.Topology.Order.DenselyOrdered
✔ [1537/1913] Replayed Mathlib.Tactic.Order.CollectFacts
✔ [1538/1913] Replayed Mathlib.Tactic.Order.Graph.Basic
✔ [1539/1913] Replayed Mathlib.Tactic.Order.Graph.Tarjan
✔ [1540/1913] Replayed Mathlib.Tactic.Order.Preprocessing
✔ [1541/1913] Replayed Mathlib.Tactic.Order.ToInt
✔ [1542/1913] Replayed Mathlib.Tactic.Order
✔ [1543/1913] Replayed Mathlib.Topology.Order.Monotone
✔ [1544/1913] Replayed Mathlib.Topology.Order.IntermediateValue
✔ [1545/1913] Replayed Mathlib.Topology.Order.Compact
✔ [1546/1913] Replayed Mathlib.Order.SuccPred.Limit
✔ [1547/1913] Replayed Mathlib.Order.SuccPred.WithBot
✔ [1548/1913] Replayed Mathlib.Algebra.Order.SuccPred
✔ [1549/1913] Replayed Mathlib.Order.Interval.Set.SuccPred
✔ [1550/1913] Replayed Mathlib.Order.Interval.Finset.SuccPred
✔ [1551/1913] Replayed Mathlib.Algebra.Order.Interval.Finset.SuccPred
✔ [1552/1913] Replayed Mathlib.Data.Nat.SuccPred
✔ [1553/1913] Replayed Mathlib.Data.ENNReal.Inv
✔ [1554/1913] Replayed Mathlib.Topology.UniformSpace.OfFun
✔ [1555/1913] Replayed Mathlib.Topology.EMetricSpace.Defs
✔ [1556/1913] Replayed Mathlib.Topology.UniformSpace.Compact
✔ [1557/1913] Replayed Mathlib.Topology.UniformSpace.DiscreteUniformity
✔ [1558/1913] Replayed Mathlib.Topology.UniformSpace.Cauchy
✔ [1559/1913] Replayed Mathlib.Topology.UniformSpace.UniformConvergence
✔ [1560/1913] Replayed Mathlib.Topology.UniformSpace.LocallyUniformConvergence
✔ [1561/1913] Replayed Mathlib.Topology.UniformSpace.Separation
✔ [1562/1913] Replayed Mathlib.Topology.UniformSpace.UniformEmbedding
✔ [1563/1913] Replayed Mathlib.Topology.EMetricSpace.Basic
✔ [1564/1913] Replayed Mathlib.Topology.MetricSpace.Pseudo.Defs
✔ [1565/1913] Replayed Mathlib.Topology.UniformSpace.Pi
✔ [1566/1913] Replayed Mathlib.Topology.Metrizable.Basic
✔ [1567/1913] Replayed Mathlib.Topology.MetricSpace.Pseudo.Basic
✔ [1568/1913] Replayed Mathlib.Topology.MetricSpace.Pseudo.Constructions
✔ [1569/1913] Replayed Mathlib.Topology.MetricSpace.Pseudo.Lemmas
✔ [1570/1913] Replayed Mathlib.Data.ENNReal.Lemmas
✔ [1571/1913] Replayed Mathlib.Topology.EMetricSpace.Pi
✔ [1572/1913] Replayed Mathlib.Topology.MetricSpace.Pseudo.Pi
✔ [1573/1913] Replayed Mathlib.Topology.MetricSpace.ProperSpace
✔ [1574/1913] Replayed Mathlib.Topology.MetricSpace.Cauchy
✔ [1575/1913] Replayed Mathlib.Topology.MetricSpace.Defs
✔ [1576/1913] Replayed Mathlib.Topology.EMetricSpace.Diam
✔ [1577/1913] Replayed Mathlib.Topology.MetricSpace.Bounded
✔ [1578/1913] Replayed Mathlib.Topology.Bornology.Real
✔ [1579/1913] Replayed Mathlib.Data.Int.Interval
✔ [1580/1913] Replayed Mathlib.Data.Int.ConditionallyCompleteOrder
✔ [1581/1913] Replayed Mathlib.Data.Fintype.Pigeonhole
✔ [1582/1913] Replayed Mathlib.Order.SuccPred.LinearLocallyFinite
✔ [1583/1913] Replayed Mathlib.Topology.Instances.Discrete
✔ [1584/1913] Replayed Mathlib.Order.Filter.AtTopBot.Archimedean
✔ [1585/1913] Replayed Mathlib.Topology.MetricSpace.Basic
✔ [1586/1913] Replayed Mathlib.Topology.Instances.Int
✔ [1587/1913] Replayed Mathlib.Topology.Order.MonotoneContinuity
✔ [1588/1913] Replayed Mathlib.Order.Interval.Set.OrdConnectedComponent
✔ [1589/1913] Replayed Mathlib.Topology.Order.T5
✔ [1590/1913] Replayed Mathlib.Topology.Order.Real
✔ [1591/1913] Replayed Mathlib.Topology.UniformSpace.Real
✔ [1592/1913] Replayed Mathlib.Topology.Algebra.Ring.Real
✔ [1593/1913] Replayed Mathlib.Topology.UnitInterval
✔ [1594/1913] Replayed Mathlib.Topology.Path
✔ [1595/1913] Replayed Mathlib.Topology.Connected.PathConnected
✔ [1596/1913] Replayed Mathlib.Analysis.Convex.PathConnected
✔ [1597/1913] Replayed Mathlib.LinearAlgebra.Finsupp.Pi
✔ [1598/1913] Replayed Mathlib.Topology.Algebra.Monoid.FunOnFinite
✔ [1599/1913] Replayed Mathlib.Analysis.Convex.StdSimplex
✔ [1600/1913] Replayed Mathlib.Topology.Algebra.Group.AddTorsor
✔ [1601/1913] Replayed Mathlib.Topology.Algebra.Affine
✔ [1602/1913] Replayed Mathlib.Data.List.Permutation
✔ [1603/1913] Replayed Mathlib.Data.Fintype.List
✔ [1604/1913] Replayed Mathlib.Data.List.Cycle
✔ [1605/1913] Replayed Mathlib.Dynamics.PeriodicPts.Defs
✔ [1606/1913] Replayed Mathlib.GroupTheory.Commutator.Basic
✔ [1607/1913] Replayed Mathlib.GroupTheory.GroupAction.Basic
✔ [1608/1913] Replayed Mathlib.GroupTheory.GroupAction.Quotient
✔ [1609/1913] Replayed Mathlib.Topology.Algebra.Group.Quotient
✔ [1610/1913] Replayed Mathlib.Topology.Algebra.Module.Basic
✔ [1611/1913] Replayed Mathlib.Analysis.Convex.Topology
✔ [1612/1913] Replayed Mathlib.Order.ConditionallyCompleteLattice.Group
✔ [1613/1913] Replayed Mathlib.Analysis.Normed.Group.Seminorm
✔ [1614/1913] Replayed Mathlib.Algebra.Order.Module.Field
✔ [1615/1913] Replayed Mathlib.Tactic.Group
✔ [1616/1913] Replayed Mathlib.Analysis.Normed.Group.Defs
✔ [1617/1913] Replayed Mathlib.Algebra.Algebra.Rat
✔ [1618/1913] Replayed Mathlib.Data.NNRat.Order
✔ [1619/1913] Replayed Mathlib.Data.Finset.Density
✔ [1620/1913] Replayed Mathlib.Algebra.BigOperators.Expect
✔ [1621/1913] Replayed Mathlib.Algebra.Order.Nonneg.Floor
✔ [1622/1913] Replayed Mathlib.Algebra.Order.Module.Pointwise
✔ [1623/1913] Replayed Mathlib.Data.Real.Pointwise
✔ [1624/1913] Replayed Mathlib.Data.NNReal.Basic
✔ [1625/1913] Replayed Mathlib.Analysis.Normed.Group.Basic
✔ [1626/1913] Replayed Mathlib.Topology.Metrizable.Uniformity
✔ [1627/1913] Replayed Mathlib.Topology.Defs.Sequences
✔ [1628/1913] Replayed Mathlib.Topology.Sequences
✔ [1629/1913] Replayed Mathlib.Analysis.Normed.Group.Continuity
✔ [1630/1913] Replayed Mathlib.Analysis.Normed.Group.Bounded
✔ [1631/1913] Replayed Mathlib.Topology.UniformSpace.CompleteSeparated
✔ [1632/1913] Replayed Mathlib.Topology.Coherent
✔ [1633/1913] Replayed Mathlib.Topology.UniformSpace.Equiv
✔ [1634/1913] Replayed Mathlib.Topology.UniformSpace.UniformApproximation
✔ [1635/1913] Replayed Mathlib.Topology.UniformSpace.UniformConvergenceTopology
✔ [1636/1913] Replayed Mathlib.Topology.UniformSpace.Equicontinuity
✔ [1637/1913] Replayed Mathlib.Topology.UniformSpace.HeineCantor
✔ [1638/1913] Replayed Mathlib.Topology.Algebra.IsUniformGroup.Constructions
✔ [1639/1913] Replayed Mathlib.Topology.Algebra.IsUniformGroup.Basic
✔ [1640/1913] Replayed Mathlib.Algebra.Module.LinearMap.DivisionRing
✔ [1641/1913] Replayed Mathlib.Topology.Algebra.Module.LinearMap
✔ [1642/1913] Replayed Mathlib.Topology.Algebra.SeparationQuotient.Basic
✔ [1643/1913] Replayed Mathlib.Topology.UniformSpace.AbstractCompletion
✔ [1644/1913] Replayed Mathlib.Topology.UniformSpace.Completion
✔ [1645/1913] Replayed Mathlib.Topology.Algebra.UniformMulAction
✔ [1646/1913] Replayed Mathlib.Topology.Bornology.Hom
✔ [1647/1913] Replayed Mathlib.Topology.EMetricSpace.Lipschitz
✔ [1648/1913] Replayed Mathlib.Topology.MetricSpace.Lipschitz
✔ [1649/1913] Replayed Mathlib.Order.Filter.IsBounded
✔ [1650/1913] Replayed Mathlib.Order.LiminfLimsup
✔ [1651/1913] Replayed Mathlib.Topology.Order.MonotoneConvergence
✔ [1652/1913] Replayed Mathlib.Topology.Order.LiminfLimsup
✔ [1653/1913] Replayed Mathlib.Topology.MetricSpace.Algebra
✔ [1654/1913] Replayed Mathlib.Data.Fintype.Lattice
✔ [1655/1913] Replayed Mathlib.Topology.MetricSpace.Antilipschitz
✔ [1656/1913] Replayed Mathlib.Topology.MetricSpace.Isometry
✔ [1657/1913] Replayed Mathlib.Topology.MetricSpace.IsometricSMul
✔ [1658/1913] Replayed Mathlib.Analysis.Normed.Group.Uniform
✔ [1659/1913] Replayed Mathlib.Order.Disjointed
✔ [1660/1913] Replayed Mathlib.Algebra.Order.BigOperators.Group.LocallyFinite
✔ [1661/1913] Replayed Mathlib.Algebra.Order.Interval.Finset.Basic
✔ [1662/1913] Replayed Mathlib.Algebra.BigOperators.Intervals
✔ [1663/1913] Replayed Mathlib.Algebra.Ring.GeomSum
✔ [1664/1913] Replayed Mathlib.Algebra.Field.GeomSum
✔ [1665/1913] Replayed Mathlib.Data.Nat.Factorial.BigOperators
✔ [1666/1913] Replayed Mathlib.Topology.Algebra.Algebra
✔ [1667/1913] Replayed Mathlib.Algebra.Group.EvenFunction
✔ [1668/1913] Replayed Mathlib.Logic.Encodable.Lattice
✔ [1669/1913] Replayed Mathlib.Order.Filter.AtTopBot.Finset
✔ [1670/1913] Replayed Mathlib.Data.ENat.Basic
✔ [1671/1913] Replayed Mathlib.Data.ENat.Pow
✔ [1672/1913] Replayed Mathlib.Algebra.Group.ModEq
✔ [1673/1913] Replayed Mathlib.Data.Nat.GCD.Basic
✔ [1674/1913] Replayed Mathlib.Data.Nat.ModEq
✔ [1675/1913] Replayed Mathlib.Data.ZMod.Defs
✔ [1676/1913] Replayed Mathlib.Algebra.Order.Hom.Monoid
✔ [1677/1913] Replayed Mathlib.Algebra.Order.Hom.MonoidWithZero
✔ [1678/1913] Replayed Mathlib.Algebra.Order.Hom.Ring
✔ [1679/1913] Replayed Mathlib.Data.Countable.Small
✔ [1680/1913] Replayed Mathlib.Logic.Small.Set
✔ [1681/1913] Replayed Mathlib.Logic.UnivLE
✔ [1682/1913] Replayed Mathlib.Data.Sum.Order
✔ [1683/1913] Replayed Mathlib.Order.Hom.Lex
✔ [1684/1913] Replayed Mathlib.Order.InitialSeg
✔ [1685/1913] Replayed Mathlib.Order.SuccPred.CompleteLinearOrder
✔ [1686/1913] Replayed Mathlib.SetTheory.Cardinal.Defs
✔ [1687/1913] Replayed Mathlib.Order.Hom.Order
✔ [1688/1913] Replayed Mathlib.Order.FixedPoints
✔ [1689/1913] Replayed Mathlib.SetTheory.Cardinal.SchroederBernstein
✔ [1690/1913] Replayed Mathlib.SetTheory.Cardinal.Order
✔ [1691/1913] Replayed Mathlib.SetTheory.Cardinal.Basic
✔ [1692/1913] Replayed Mathlib.SetTheory.Cardinal.ENat
✔ [1693/1913] Replayed Mathlib.SetTheory.Cardinal.ToNat
✔ [1694/1913] Replayed Mathlib.SetTheory.Cardinal.Finite
✔ [1695/1913] Replayed Mathlib.Topology.Algebra.InfiniteSum.SummationFilter
✔ [1696/1913] Replayed Mathlib.Topology.Algebra.InfiniteSum.Defs
✔ [1697/1913] Replayed Mathlib.Order.Filter.AtTopBot.BigOperators
✔ [1698/1913] Replayed Mathlib.Topology.Algebra.InfiniteSum.Basic
✔ [1699/1913] Replayed Mathlib.Topology.Algebra.InfiniteSum.Group
✔ [1700/1913] Replayed Mathlib.Topology.Algebra.InfiniteSum.NatInt
✔ [1701/1913] Replayed Mathlib.Topology.Algebra.InfiniteSum.Order
✔ [1702/1913] Replayed Mathlib.Data.Real.ENatENNReal
✔ [1703/1913] Replayed Mathlib.Data.Set.Card
✔ [1704/1913] Replayed Mathlib.Algebra.BigOperators.WithTop
✔ [1705/1913] Replayed Mathlib.Data.ENNReal.BigOperators
✔ [1706/1913] Replayed Mathlib.Algebra.Order.Antidiag.Prod
✔ [1707/1913] Replayed Mathlib.Data.List.NatAntidiagonal
✔ [1708/1913] Replayed Mathlib.Data.Multiset.NatAntidiagonal
✔ [1709/1913] Replayed Mathlib.Data.Finset.NatAntidiagonal
✔ [1710/1913] Replayed Mathlib.Algebra.BigOperators.NatAntidiagonal
✔ [1711/1913] Replayed Mathlib.Algebra.Ring.Aut
✔ [1712/1913] Replayed Mathlib.Algebra.Star.Basic
✔ [1713/1913] Replayed Mathlib.Topology.Algebra.Star
✔ [1714/1913] Replayed Mathlib.Topology.Algebra.InfiniteSum.Constructions
✔ [1715/1913] Replayed Mathlib.Topology.Algebra.InfiniteSum.Ring
✔ [1716/1913] Replayed Mathlib.Topology.Instances.NNReal.Lemmas
✔ [1717/1913] Replayed Mathlib.Topology.MetricSpace.Pseudo.Real
✔ [1718/1913] Replayed Mathlib.Data.Rat.Encodable
✔ [1719/1913] Replayed Mathlib.Topology.MetricSpace.ProperSpace.Real
✔ [1720/1913] Replayed Mathlib.Topology.Instances.ENNReal.Lemmas
✔ [1721/1913] Replayed Mathlib.Tactic.Bound
✔ [1722/1913] Replayed Mathlib.Topology.Algebra.InfiniteSum.ENNReal
✔ [1723/1913] Replayed Mathlib.Topology.Algebra.InfiniteSum.Real
✔ [1724/1913] Replayed Mathlib.Data.Nat.Cast.Order.Field
✔ [1725/1913] Replayed Mathlib.Data.EReal.Inv
✔ [1726/1913] Replayed Mathlib.Topology.Semicontinuity.Defs
✔ [1727/1913] Replayed Mathlib.Topology.Semicontinuity.Basic
✔ [1728/1913] Replayed Mathlib.Topology.Instances.EReal.Lemmas
✔ [1729/1913] Replayed Mathlib.Algebra.Module.Rat
✔ [1730/1913] Replayed Mathlib.Algebra.Group.Subgroup.Order
✔ [1731/1913] Replayed Mathlib.GroupTheory.Archimedean
✔ [1732/1913] Replayed Mathlib.Topology.Algebra.Order.Archimedean
✔ [1733/1913] Replayed Mathlib.Topology.Instances.Nat
✔ [1734/1913] Replayed Mathlib.Topology.Instances.Rat
✔ [1735/1913] Replayed Mathlib.Analysis.SpecificLimits.Basic
✔ [1736/1913] Replayed Mathlib.Topology.MetricSpace.HausdorffDistance
✔ [1737/1913] Replayed Mathlib.Topology.MetricSpace.Thickening
✔ [1738/1913] Replayed Mathlib.Analysis.Normed.Group.Pointwise
✔ [1739/1913] Replayed Mathlib.Algebra.Algebra.Pi
✔ [1740/1913] Replayed Mathlib.Algebra.Algebra.RestrictScalars
✔ [1741/1913] Replayed Mathlib.Analysis.Normed.Group.Constructions
✔ [1742/1913] Replayed Mathlib.Analysis.Normed.Group.Real
✔ [1743/1913] Replayed Mathlib.Analysis.Normed.Group.Subgroup
✔ [1744/1913] Replayed Mathlib.Analysis.Normed.Group.Submodule
✔ [1745/1913] Replayed Mathlib.Analysis.Normed.Ring.Basic
✔ [1746/1913] Replayed Mathlib.Analysis.Normed.Field.Basic
✔ [1747/1913] Replayed Mathlib.Analysis.Normed.Group.Int
✔ [1748/1913] Replayed Mathlib.Analysis.Normed.Group.Rat
✔ [1749/1913] Replayed Mathlib.Algebra.Order.GroupWithZero.Finset
✔ [1750/1913] Replayed Mathlib.Topology.MetricSpace.Dilation
✔ [1751/1913] Replayed Mathlib.Analysis.Normed.Ring.Lemmas
✔ [1752/1913] Replayed Mathlib.Topology.MetricSpace.DilationEquiv
✔ [1753/1913] Replayed Mathlib.Data.ENNReal.Action
✔ [1754/1913] Replayed Mathlib.Analysis.Normed.MulAction
✔ [1755/1913] Replayed Mathlib.Analysis.Normed.Field.Lemmas
✔ [1756/1913] Replayed Mathlib.Analysis.Normed.Module.Basic
✔ [1757/1913] Replayed Mathlib.Analysis.Normed.Module.RCLike.Real
✔ [1758/1913] Replayed Mathlib.Analysis.Normed.Module.Ball.Pointwise
✔ [1759/1913] Replayed Mathlib.Algebra.Notation.Lemmas
✔ [1760/1913] Replayed Mathlib.Algebra.Order.Pi
✔ [1761/1913] Replayed Mathlib.Analysis.Convex.Function
✔ [1762/1913] Replayed Mathlib.Topology.Bornology.Absorbs
✔ [1763/1913] Replayed Mathlib.Analysis.LocallyConvex.Basic
✔ [1764/1913] Replayed Mathlib.Analysis.Seminorm
✔ [1765/1913] Replayed Mathlib.GroupTheory.GroupAction.Pointwise
✔ [1766/1913] Replayed Mathlib.Analysis.LocallyConvex.BalancedCoreHull
✔ [1767/1913] Replayed Mathlib.Analysis.LocallyConvex.Bounded
✔ [1768/1913] Replayed Mathlib.Algebra.Algebra.IsSimpleRing
✔ [1769/1913] Replayed Mathlib.Algebra.BigOperators.Balance
✔ [1770/1913] Replayed Mathlib.Algebra.Order.Module.Rat
✔ [1771/1913] Replayed Mathlib.Algebra.Order.BigOperators.Expect
✔ [1772/1913] Replayed Mathlib.Algebra.Order.Group.Opposite
✔ [1773/1913] Replayed Mathlib.Algebra.Field.Opposite
✔ [1774/1913] Replayed Mathlib.Algebra.Star.Rat
✔ [1775/1913] Replayed Mathlib.Algebra.Star.SelfAdjoint
✔ [1776/1913] Replayed Mathlib.Algebra.Star.StarRingHom
✔ [1777/1913] Replayed Mathlib.Tactic.ContinuousFunctionalCalculus
✔ [1778/1913] Replayed Mathlib.Algebra.Star.StarProjection
✔ [1779/1913] Replayed Mathlib.Algebra.Order.Star.Basic
✔ [1780/1913] Replayed Mathlib.Analysis.Normed.Group.Hom
✔ [1781/1913] Replayed Mathlib.Data.DFinsupp.Defs
✔ [1782/1913] Replayed Mathlib.Data.DFinsupp.Ext
✔ [1783/1913] Replayed Mathlib.Data.DFinsupp.BigOperators
✔ [1784/1913] Replayed Mathlib.Data.DFinsupp.Submonoid
✔ [1785/1913] Replayed Mathlib.Data.DFinsupp.Module
✔ [1786/1913] Replayed Mathlib.Data.List.Pi
✔ [1787/1913] Replayed Mathlib.Data.Fintype.Quotient
✔ [1788/1913] Replayed Mathlib.Data.DFinsupp.Sigma
✔ [1789/1913] Replayed Mathlib.Data.Finsupp.ToDFinsupp
✔ [1790/1913] Replayed Mathlib.LinearAlgebra.DFinsupp
✔ [1791/1913] Replayed Mathlib.Topology.Algebra.Module.LinearMapPiProd
✔ [1792/1913] Replayed Mathlib.Topology.Algebra.Module.Equiv
✔ [1793/1913] Replayed Mathlib.Analysis.Normed.Operator.LinearIsometry
✔ [1794/1913] Replayed Mathlib.Algebra.Star.Pi
✔ [1795/1913] Replayed Mathlib.Algebra.Module.LinearMap.Star
✔ [1796/1913] Replayed Mathlib.Algebra.Star.Module
✔ [1797/1913] Replayed Mathlib.Algebra.Star.StarAlgHom
✔ [1798/1913] Replayed Mathlib.Algebra.Star.Pointwise
✔ [1799/1913] Replayed Mathlib.Algebra.Star.Center
✔ [1800/1913] Replayed Mathlib.Algebra.Star.Prod
✔ [1801/1913] Replayed Mathlib.Algebra.Star.NonUnitalSubalgebra
✔ [1802/1913] Replayed Mathlib.Algebra.Star.Subalgebra
✔ [1803/1913] Replayed Mathlib.RingTheory.Coprime.Basic
✔ [1804/1913] Replayed Mathlib.RingTheory.Coprime.Lemmas
✔ [1805/1913] Replayed Mathlib.Algebra.Field.IsField
✔ [1806/1913] Replayed Mathlib.Data.Nat.Choose.Sum
✔ [1807/1913] Replayed Mathlib.RingTheory.Ideal.Defs
✔ [1808/1913] Replayed Mathlib.RingTheory.Ideal.Lattice
✔ [1809/1913] Replayed Mathlib.RingTheory.Ideal.Prime
✔ [1810/1913] Replayed Mathlib.RingTheory.Ideal.Span
✔ [1811/1913] Replayed Mathlib.RingTheory.Ideal.Maximal
✔ [1812/1913] Replayed Mathlib.RingTheory.Ideal.Basic
✔ [1813/1913] Replayed Mathlib.RingTheory.Ideal.Operations
✔ [1814/1913] Replayed Mathlib.RingTheory.Ideal.Maps
✔ [1815/1913] Replayed Mathlib.RingTheory.Ideal.Nonunits
✔ [1816/1913] Replayed Mathlib.Algebra.Algebra.Spectrum.Basic
✔ [1817/1913] Replayed Mathlib.Algebra.Star.MonoidHom
✔ [1818/1913] Replayed Mathlib.Algebra.Star.Unitary
✔ [1819/1913] Replayed Mathlib.Data.Real.Star
✔ [1820/1913] Replayed Mathlib.Topology.Algebra.Module.Star
✔ [1821/1913] Replayed Mathlib.Analysis.CStarAlgebra.Basic
✔ [1822/1913] Replayed Mathlib.Analysis.Normed.Operator.ContinuousLinearMap
✔ [1823/1913] Replayed Mathlib.Data.Nat.Prime.Defs
✔ [1824/1913] Replayed Mathlib.Algebra.CharP.Defs
✔ [1825/1913] Replayed Mathlib.Algebra.CharP.Two
✔ [1826/1913] Replayed Mathlib.Algebra.Group.Submonoid.Finite
✔ [1827/1913] Replayed Mathlib.Data.Finite.Card
✔ [1828/1913] Replayed Mathlib.Algebra.Group.Subgroup.Finite
✔ [1829/1913] Replayed Mathlib.Data.Int.ModEq
✔ [1830/1913] Replayed Mathlib.Algebra.Ring.Associated
✔ [1831/1913] Replayed Mathlib.Algebra.GCDMonoid.Basic
✔ [1832/1913] Replayed Mathlib.Algebra.GCDMonoid.Multiset
✔ [1833/1913] Replayed Mathlib.Algebra.GCDMonoid.Nat
✔ [1834/1913] Replayed Mathlib.Algebra.GCDMonoid.Finset
✔ [1835/1913] Replayed Mathlib.Data.Nat.Prime.Basic
✔ [1836/1913] Replayed Mathlib.Dynamics.PeriodicPts.Lemmas
✔ [1837/1913] Replayed Mathlib.GroupTheory.Coset.Card
✔ [1838/1913] Replayed Mathlib.GroupTheory.Index
✔ [1839/1913] Replayed Mathlib.Data.Nat.Log
✔ [1840/1913] Replayed Mathlib.Data.Nat.Prime.Pow
✔ [1841/1913] Replayed Mathlib.Algebra.IsPrimePow
✔ [1842/1913] Replayed Mathlib.Data.List.Prime
✔ [1843/1913] Replayed Mathlib.Data.Nat.Factors
✔ [1844/1913] Replayed Mathlib.Data.Nat.Prime.Infinite
✔ [1845/1913] Replayed Mathlib.Data.Nat.PrimeFin
✔ [1846/1913] Replayed Mathlib.NumberTheory.Divisors
✔ [1847/1913] Replayed Mathlib.Order.Interval.Set.Infinite
✔ [1848/1913] Replayed Mathlib.GroupTheory.OrderOfElement
✔ [1849/1913] Replayed Mathlib.Algebra.Group.AddChar
✔ [1850/1913] Replayed Mathlib.Algebra.Group.TypeTags.Finite
✔ [1851/1913] Replayed Mathlib.Analysis.Normed.Ring.Finite
✔ [1852/1913] Replayed Mathlib.Data.Real.Sqrt
✔ [1853/1913] Replayed Mathlib.Analysis.RCLike.Basic
✔ [1854/1913] Replayed Mathlib.Analysis.Convex.Gauge
✔ [1855/1913] Replayed Mathlib.Analysis.RCLike.Extend
✔ [1856/1913] Replayed Mathlib.Algebra.BigOperators.Module
✔ [1857/1913] Replayed Mathlib.Algebra.Order.Field.Power
✔ [1858/1913] Replayed Mathlib.Algebra.MonoidAlgebra.Defs
✔ [1859/1913] Replayed Mathlib.Algebra.MonoidAlgebra.Lift
✔ [1860/1913] Replayed Mathlib.Algebra.MonoidAlgebra.Module
✔ [1861/1913] Replayed Mathlib.Algebra.MonoidAlgebra.Support
✔ [1862/1913] Replayed Mathlib.Algebra.Group.UniqueProds.Basic
✔ [1863/1913] Replayed Mathlib.Algebra.MonoidAlgebra.Opposite
✔ [1864/1913] Replayed Mathlib.Algebra.MonoidAlgebra.NoZeroDivisors
✔ [1865/1913] Replayed Mathlib.Algebra.Polynomial.Basic
✔ [1866/1913] Replayed Mathlib.Algebra.Polynomial.Coeff
✔ [1867/1913] Replayed Mathlib.Algebra.MonoidAlgebra.Degree
✔ [1868/1913] Replayed Mathlib.Data.Nat.Cast.WithTop
✔ [1869/1913] Replayed Mathlib.Algebra.Polynomial.Degree.Defs
✔ [1870/1913] Replayed Mathlib.Algebra.Polynomial.Degree.Operations
✔ [1871/1913] Replayed Mathlib.Algebra.Polynomial.Degree.Support
✔ [1872/1913] Replayed Mathlib.Algebra.Polynomial.Degree.TrailingDegree
✔ [1873/1913] Replayed Mathlib.Algebra.Polynomial.Degree.Domain
✔ [1874/1913] Replayed Mathlib.Data.Nat.WithBot
✔ [1875/1913] Replayed Mathlib.Algebra.Polynomial.Degree.SmallDegree
✔ [1876/1913] Replayed Mathlib.Algebra.Polynomial.Degree.Units
✔ [1877/1913] Replayed Mathlib.Algebra.Polynomial.Eval.Defs
✔ [1878/1913] Replayed Mathlib.Algebra.Polynomial.Eval.Coeff
✔ [1879/1913] Replayed Mathlib.Algebra.Polynomial.Eval.Degree
✔ [1880/1913] Replayed Mathlib.Algebra.Polynomial.Degree.Lemmas
✔ [1881/1913] Replayed Mathlib.Algebra.Polynomial.Monomial
✔ [1882/1913] Replayed Mathlib.Algebra.Polynomial.Degree.Monomial
✔ [1883/1913] Replayed Mathlib.Algebra.Polynomial.EraseLead
✔ [1884/1913] Replayed Mathlib.Algebra.Polynomial.Reverse
✔ [1885/1913] Replayed Mathlib.Algebra.Polynomial.Monic
✔ [1886/1913] Replayed Mathlib.Analysis.Asymptotics.Defs
✔ [1887/1913] Replayed Mathlib.Analysis.Normed.Group.InfiniteSum
✔ [1888/1913] Replayed Mathlib.Logic.Equiv.PartialEquiv
✔ [1889/1913] Replayed Mathlib.Topology.OpenPartialHomeomorph.Defs
✔ [1890/1913] Replayed Mathlib.Topology.Compactness.Bases
✔ [1891/1913] Replayed Mathlib.Order.Copy
✔ [1892/1913] Replayed Mathlib.Topology.Sets.Opens
✔ [1893/1913] Replayed Mathlib.Topology.OpenPartialHomeomorph.Basic
✔ [1894/1913] Replayed Mathlib.Topology.OpenPartialHomeomorph.Continuity
✔ [1895/1913] Replayed Mathlib.Analysis.Asymptotics.Lemmas
✔ [1896/1913] Replayed Mathlib.Analysis.Normed.Ring.InfiniteSum
✔ [1897/1913] Replayed Mathlib.Topology.Order.Lattice
✔ [1898/1913] Replayed Mathlib.Analysis.Normed.Order.Lattice
✔ [1899/1913] Replayed Mathlib.Data.Nat.Choose.Bounds
✔ [1900/1913] Replayed Mathlib.Order.Filter.AtTopBot.ModEq
✔ [1901/1913] Replayed Mathlib.Algebra.Polynomial.Eval.Algebra
✔ [1902/1913] Replayed Mathlib.RingTheory.Polynomial.Pochhammer
✔ [1903/1913] Replayed Mathlib.Analysis.SpecificLimits.Normed
✔ [1904/1913] Replayed Mathlib.LinearAlgebra.Basis.Prod
✔ [1905/1913] Replayed Mathlib.LinearAlgebra.Basis.Submodule
✔ [1906/1913] Replayed Mathlib.LinearAlgebra.Dimension.Basic
✔ [1907/1913] Replayed Mathlib.LinearAlgebra.Dimension.Finrank
✔ [1908/1913] Replayed Mathlib.GroupTheory.QuotientGroup.Finite
✔ [1909/1913] Replayed Mathlib.RingTheory.Ideal.Quotient.Defs
✔ [1910/1913] Replayed Mathlib.RingTheory.Ideal.Quotient.Basic
✔ [1911/1913] Replayed Mathlib.Algebra.Module.Submodule.IterateMapComap
✔ [1912/1913] Replayed Mathlib.Algebra.Order.SuccPred.PartialSups
✔ [1913/2359] Replayed Mathlib.GroupTheory.FreeGroup.Basic
✔ [1914/2359] Replayed Mathlib.GroupTheory.Finiteness
✔ [1915/2359] Replayed Mathlib.Tactic.Algebraize
✔ [1916/2359] Replayed Mathlib.RingTheory.Finiteness.Defs
✔ [1917/2359] Replayed Mathlib.RingTheory.Finiteness.Basic
✔ [1918/2359] Replayed Mathlib.RingTheory.Noetherian.Defs
✔ [1919/2359] Replayed Mathlib.Algebra.Module.Congruence.Defs
✔ [1920/2359] Replayed Mathlib.Order.Cofinal
✔ [1921/2359] Replayed Mathlib.Order.SuccPred.InitialSeg
✔ [1922/2359] Replayed Mathlib.Order.IsNormal
✔ [1923/2359] Replayed Mathlib.SetTheory.Ordinal.Basic
✔ [1924/2359] Replayed Mathlib.SetTheory.Ordinal.Arithmetic
✔ [1925/2359] Replayed Mathlib.SetTheory.Ordinal.Family
✔ [1926/2359] Replayed Mathlib.SetTheory.Ordinal.Enum
✔ [1927/2359] Replayed Mathlib.SetTheory.Ordinal.Univ
✔ [1928/2359] Replayed Mathlib.SetTheory.Cardinal.Aleph
✔ [1929/2359] Replayed Mathlib.SetTheory.Cardinal.Arithmetic
✔ [1930/2359] Replayed Mathlib.Logic.Small.List
✔ [1931/2359] Replayed Mathlib.SetTheory.Ordinal.Exponential
✔ [1932/2359] Replayed Mathlib.SetTheory.Ordinal.FixedPoint
✔ [1933/2359] Replayed Mathlib.SetTheory.Cardinal.Cofinality
✔ [1934/2359] Replayed Mathlib.SetTheory.Cardinal.Regular
✔ [1935/2359] Replayed Mathlib.SetTheory.Cardinal.Pigeonhole
✔ [1936/2359] Replayed Mathlib.LinearAlgebra.Basis.Cardinality
✔ [1937/2359] Replayed Mathlib.LinearAlgebra.Quotient.Card
✔ [1938/2359] Replayed Mathlib.LinearAlgebra.Isomorphisms
✔ [1939/2359] Replayed Mathlib.GroupTheory.Abelianization.Defs
✔ [1940/2359] Replayed Mathlib.GroupTheory.FreeAbelianGroup
✔ [1941/2359] Replayed Mathlib.Algebra.FreeAbelianGroup.Finsupp
✔ [1942/2359] Replayed Mathlib.LinearAlgebra.Finsupp.Span
✔ [1943/2359] Replayed Mathlib.LinearAlgebra.Finsupp.VectorSpace
✔ [1944/2359] Replayed Mathlib.LinearAlgebra.StdBasis
✔ [1945/2359] Replayed Mathlib.RingTheory.Finiteness.Cardinality
✔ [1946/2359] Replayed Mathlib.Algebra.Exact
✔ [1947/2359] Replayed Mathlib.RingTheory.Finiteness.Finsupp
✔ [1948/2359] Replayed Mathlib.RingTheory.Ideal.Prod
✔ [1949/2359] Replayed Mathlib.RingTheory.Noetherian.Basic
✔ [1950/2359] Replayed Mathlib.RingTheory.OrzechProperty
✔ [1951/2359] Replayed Mathlib.RingTheory.Noetherian.Orzech
✔ [1952/2359] Replayed Mathlib.Algebra.EuclideanDomain.Defs
✔ [1953/2359] Replayed Mathlib.Algebra.EuclideanDomain.Basic
✔ [1954/2359] Replayed Mathlib.Algebra.EuclideanDomain.Field
✔ [1955/2359] Replayed Mathlib.Algebra.GroupWithZero.Submonoid.Primal
✔ [1956/2359] Replayed Mathlib.RingTheory.UniqueFactorizationDomain.Defs
✔ [1957/2359] Replayed Mathlib.RingTheory.UniqueFactorizationDomain.Ideal
✔ [1958/2359] Replayed Mathlib.RingTheory.Noetherian.UniqueFactorizationDomain
✔ [1959/2359] Replayed Mathlib.RingTheory.PrincipalIdealDomain
✔ [1960/2359] Replayed Mathlib.LinearAlgebra.InvariantBasisNumber
✔ [1961/2359] Replayed Mathlib.LinearAlgebra.Dimension.Subsingleton
✔ [1962/2359] Replayed Mathlib.LinearAlgebra.Dimension.StrongRankCondition
✔ [1963/2359] Replayed Mathlib.Algebra.BigOperators.RingEquiv
✔ [1964/2359] Replayed Mathlib.LinearAlgebra.Matrix.Defs
✔ [1965/2359] Replayed Mathlib.Data.Matrix.Diagonal
✔ [1966/2359] Replayed Mathlib.Data.Matrix.Mul
✔ [1967/2359] Replayed Mathlib.GroupTheory.DedekindFinite
✔ [1968/2359] Replayed Mathlib.Data.Matrix.Basic
✔ [1969/2359] Replayed Mathlib.Data.Matrix.Basis
✔ [1970/2359] Replayed Mathlib.LinearAlgebra.Matrix.StdBasis
✔ [1971/2359] Replayed Mathlib.LinearAlgebra.FreeModule.Finite.Basic
✔ [1972/2359] Replayed Mathlib.RingTheory.AlgebraTower
✔ [1973/2359] Replayed Mathlib.Algebra.Order.Group.Finset
✔ [1974/2359] Replayed Mathlib.Order.Preorder.Finsupp
✔ [1975/2359] Replayed Mathlib.Data.Finsupp.Multiset
✔ [1976/2359] Replayed Mathlib.SetTheory.Cardinal.Finsupp
✔ [1977/2359] Replayed Mathlib.LinearAlgebra.Dimension.Free
✔ [1978/2359] Replayed Mathlib.Algebra.DirectSum.Basic
✔ [1979/2359] Replayed Mathlib.Algebra.DirectSum.Module
✔ [1980/2359] Replayed Mathlib.Algebra.DirectSum.Finsupp
✔ [1981/2359] Replayed Mathlib.LinearAlgebra.TensorProduct.Associator
✔ [1982/2359] Replayed Mathlib.LinearAlgebra.TensorProduct.Tower
✔ [1983/2359] Replayed Mathlib.LinearAlgebra.DirectSum.TensorProduct
✔ [1984/2359] Replayed Mathlib.LinearAlgebra.DirectSum.Finsupp
✔ [1985/2359] Replayed Mathlib.LinearAlgebra.TensorProduct.Basis
✔ [1986/2359] Replayed Mathlib.LinearAlgebra.Dimension.Constructions
✔ [1987/2359] Replayed Mathlib.LinearAlgebra.Dimension.Finite
✔ [1988/2359] Replayed Mathlib.LinearAlgebra.Dimension.RankNullity
✔ [1989/2359] Replayed Mathlib.LinearAlgebra.Dimension.DivisionRing
✔ [1990/2359] Replayed Mathlib.LinearAlgebra.Dimension.FreeAndStrongRankCondition
✔ [1991/2359] Replayed Mathlib.Algebra.Module.Projective
✔ [1992/2359] Replayed Mathlib.LinearAlgebra.FiniteDimensional.Defs
✔ [1993/2359] Replayed Mathlib.Algebra.Algebra.Subalgebra.Tower
✔ [1994/2359] Replayed Mathlib.Data.Finite.Sum
✔ [1995/2359] Replayed Mathlib.Data.Matrix.Composition
✔ [1996/2359] Replayed Mathlib.Algebra.Star.BigOperators
✔ [1997/2359] Replayed Mathlib.LinearAlgebra.Matrix.ConjTranspose
✔ [1998/2359] Replayed Mathlib.Data.Matrix.Block
✔ [1999/2359] Replayed Mathlib.LinearAlgebra.Basis.Fin
✔ [2000/2359] Replayed Mathlib.LinearAlgebra.Matrix.RowCol
✔ [2001/2359] Replayed Mathlib.LinearAlgebra.Matrix.Notation
✔ [2002/2359] Replayed Mathlib.LinearAlgebra.Matrix.ToLin
✔ [2003/2359] Replayed Mathlib.RingTheory.Finiteness.Lattice
✔ [2004/2359] Replayed Mathlib.LinearAlgebra.FiniteDimensional.Basic
✔ [2005/2359] Replayed Mathlib.Tactic.IntervalCases
✔ [2006/2359] Replayed Mathlib.LinearAlgebra.FiniteDimensional.Lemmas
✔ [2007/2359] Replayed Mathlib.RingTheory.LocalRing.Defs
✔ [2008/2359] Replayed Mathlib.RingTheory.LocalRing.Basic
✔ [2009/2359] Replayed Mathlib.LinearAlgebra.Dual.Basis
✔ [2010/2359] Replayed Mathlib.Algebra.FreeMonoid.UniqueProds
✔ [2011/2359] Replayed Mathlib.Algebra.MonoidAlgebra.MapDomain
✔ [2012/2359] Replayed Mathlib.Algebra.MonoidAlgebra.Basic
✔ [2013/2359] Replayed Mathlib.Algebra.FreeAlgebra
✔ [2014/2359] Replayed Mathlib.Algebra.Polynomial.AlgebraMap
✔ [2015/2359] Replayed Mathlib.RingTheory.Adjoin.Polynomial.Basic
✔ [2016/2359] Replayed Mathlib.Algebra.EuclideanDomain.Int
✔ [2017/2359] Replayed Mathlib.Algebra.Regular.Pow
✔ [2018/2359] Replayed Mathlib.Data.Finsupp.Order
✔ [2019/2359] Replayed Mathlib.Data.Finsupp.Antidiagonal
✔ [2020/2359] Replayed Mathlib.Algebra.MvPolynomial.Basic
✔ [2021/2359] Replayed Mathlib.Algebra.MvPolynomial.Eval
✔ [2022/2359] Replayed Mathlib.Algebra.Algebra.Subalgebra.Prod
✔ [2023/2359] Replayed Mathlib.RingTheory.Adjoin.Basic
✔ [2024/2359] Replayed Mathlib.Order.PiLex
✔ [2025/2359] Replayed Mathlib.Algebra.Order.Group.PiLex
✔ [2026/2359] Replayed Mathlib.Data.DFinsupp.Order
✔ [2027/2359] Replayed Mathlib.Data.DFinsupp.NeLocus
✔ [2028/2359] Replayed Mathlib.Data.DFinsupp.Lex
✔ [2029/2359] Replayed Mathlib.Data.Finsupp.Lex
✔ [2030/2359] Replayed Mathlib.Algebra.MvPolynomial.Rename
✔ [2031/2359] Replayed Mathlib.Algebra.MvPolynomial.Degrees
✔ [2032/2359] Replayed Mathlib.Algebra.MvPolynomial.Variables
✔ [2033/2359] Replayed Mathlib.Algebra.MvPolynomial.CommRing
✔ [2034/2359] Replayed Mathlib.Data.Finsupp.Fin
✔ [2035/2359] Replayed Mathlib.Algebra.BigOperators.Finsupp.Fin
✔ [2036/2359] Replayed Mathlib.Algebra.MvPolynomial.Equiv
✔ [2037/2359] Replayed Mathlib.Algebra.Polynomial.BigOperators
✔ [2038/2359] Replayed Mathlib.RingTheory.Polynomial.Basic
✔ [2039/2359] Replayed Mathlib.RingTheory.Adjoin.FG
✔ [2040/2359] Replayed Mathlib.RingTheory.Adjoin.Tower
✔ [2041/2359] Replayed Mathlib.Algebra.Ring.Action.Submonoid
✔ [2042/2359] Replayed Mathlib.Algebra.Algebra.Subalgebra.Operations
✔ [2043/2359] Replayed Mathlib.Algebra.Ring.Fin
✔ [2044/2359] Replayed Mathlib.RingTheory.Ideal.Quotient.Operations
✔ [2045/2359] Replayed Mathlib.RingTheory.FiniteType
✔ [2046/2359] Replayed Mathlib.LinearAlgebra.FreeModule.StrongRankCondition
✔ [2047/2359] Replayed Mathlib.Algebra.Group.Pointwise.Finset.Scalar
✔ [2048/2359] Replayed Mathlib.Order.Fin.Tuple
✔ [2049/2359] Replayed Mathlib.Data.Fin.Tuple.NatAntidiagonal
✔ [2050/2359] Replayed Mathlib.Data.Sym.Sym2.Init
✔ [2051/2359] Replayed Mathlib.Data.Sym.Sym2
✔ [2052/2359] Replayed Mathlib.Data.List.Sym
✔ [2053/2359] Replayed Mathlib.Data.Multiset.Sym
✔ [2054/2359] Replayed Mathlib.Data.Finset.Sym
✔ [2055/2359] Replayed Mathlib.Algebra.Order.Antidiag.Pi
✔ [2056/2359] Replayed Mathlib.Algebra.Order.Antidiag.Finsupp
✔ [2057/2359] Replayed Mathlib.Combinatorics.Enumerative.Composition
✔ [2058/2359] Replayed Mathlib.Combinatorics.Enumerative.Partition.Basic
✔ [2059/2359] Replayed Mathlib.GroupTheory.Perm.Basic
✔ [2060/2359] Replayed Mathlib.GroupTheory.Perm.Support
✔ [2061/2359] Replayed Mathlib.Data.Fintype.Inv
✔ [2062/2359] Replayed Mathlib.Logic.Equiv.Fintype
✔ [2063/2359] Replayed Mathlib.GroupTheory.Perm.Finite
✔ [2064/2359] Replayed Mathlib.GroupTheory.Perm.List
✔ [2065/2359] Replayed Mathlib.Data.Fintype.Perm
✔ [2066/2359] Replayed Mathlib.Data.Int.Order.Units
✔ [2067/2359] Replayed Mathlib.GroupTheory.Perm.Sign
✔ [2068/2359] Replayed Mathlib.GroupTheory.Perm.Cycle.Basic
✔ [2069/2359] Replayed Mathlib.GroupTheory.Perm.Closure
✔ [2070/2359] Replayed Mathlib.Data.List.Iterate
✔ [2071/2359] Replayed Mathlib.Data.Set.Pairwise.List
✔ [2072/2359] Replayed Mathlib.Data.Nat.GCD.BigOperators
✔ [2073/2359] Replayed Mathlib.GroupTheory.NoncommPiCoprod
✔ [2074/2359] Replayed Mathlib.GroupTheory.Perm.Cycle.Factors
✔ [2075/2359] Replayed Mathlib.Tactic.NormNum.GCD
✔ [2076/2359] Replayed Mathlib.GroupTheory.Perm.Cycle.Type
✔ [2077/2359] Replayed Mathlib.GroupTheory.Perm.Option
✔ [2078/2359] Replayed Mathlib.GroupTheory.Perm.Fin
✔ [2079/2359] Replayed Mathlib.Algebra.BigOperators.Group.Finset.Powerset
✔ [2080/2359] Replayed Mathlib.LinearAlgebra.Multilinear.Basic
✔ [2081/2359] Replayed Mathlib.LinearAlgebra.Multilinear.DFinsupp
✔ [2082/2359] Replayed Mathlib.LinearAlgebra.Multilinear.Finsupp
✔ [2083/2359] Replayed Mathlib.LinearAlgebra.Multilinear.Basis
✔ [2084/2359] Replayed Mathlib.LinearAlgebra.Alternating.Basic
✔ [2085/2359] Replayed Mathlib.LinearAlgebra.Matrix.SemiringInverse
✔ [2086/2359] Replayed Mathlib.LinearAlgebra.Matrix.Determinant.Basic
✔ [2087/2359] Replayed Mathlib.LinearAlgebra.Matrix.Reindex
✔ [2088/2359] Replayed Mathlib.LinearAlgebra.Matrix.Basis
✔ [2089/2359] Replayed Mathlib.LinearAlgebra.Matrix.Dual
✔ [2090/2359] Replayed Mathlib.Data.Matrix.Invertible
✔ [2091/2359] Replayed Mathlib.LinearAlgebra.Matrix.Symmetric
✔ [2092/2359] Replayed Mathlib.LinearAlgebra.Matrix.MvPolynomial
✔ [2093/2359] Replayed Mathlib.Tactic.ComputeDegree
✔ [2094/2359] Replayed Mathlib.LinearAlgebra.Matrix.Polynomial
✔ [2095/2359] Replayed Mathlib.LinearAlgebra.Matrix.Adjugate
✔ [2096/2359] Replayed Mathlib.LinearAlgebra.Matrix.Trace
✔ [2097/2359] Replayed Mathlib.Algebra.Star.TensorProduct
✔ [2098/2359] Replayed Mathlib.RingTheory.TensorProduct.Basic
✔ [2099/2359] Replayed Mathlib.LinearAlgebra.Matrix.Kronecker
✔ [2100/2359] Replayed Mathlib.LinearAlgebra.Matrix.NonsingularInverse
✔ [2101/2359] Replayed Mathlib.Data.Fintype.Parity
✔ [2102/2359] Replayed Mathlib.LinearAlgebra.Matrix.Transvection
✔ [2103/2359] Replayed Mathlib.Algebra.Order.Ring.GeomSum
✔ [2104/2359] Replayed Mathlib.Data.Nat.Choose.Central
✔ [2105/2359] Replayed Mathlib.Data.Nat.Digits.Defs
✔ [2106/2359] Replayed Mathlib.Data.Nat.Digits.Lemmas
✔ [2107/2359] Replayed Mathlib.Data.Nat.MaxPowDiv
✔ [2108/2359] Replayed Mathlib.RingTheory.Multiplicity
✔ [2109/2359] Replayed Mathlib.NumberTheory.Padics.PadicVal.Defs
✔ [2110/2359] Replayed Mathlib.Data.Nat.Factorization.Defs
✔ [2111/2359] Replayed Mathlib.Data.Nat.Factorization.Basic
✔ [2112/2359] Replayed Mathlib.Data.Nat.Choose.Factorization
✔ [2113/2359] Replayed Mathlib.Data.Nat.Multiplicity
✔ [2114/2359] Replayed Mathlib.Algebra.CharP.Lemmas
✔ [2115/2359] Replayed Mathlib.Algebra.CharP.Frobenius
✔ [2116/2359] Replayed Mathlib.Algebra.CharP.Reduced
✔ [2117/2359] Replayed Mathlib.Algebra.MonoidAlgebra.Division
✔ [2118/2359] Replayed Mathlib.Algebra.Polynomial.Inductions
✔ [2119/2359] Replayed Mathlib.Algebra.Polynomial.Div
✔ [2120/2359] Replayed Mathlib.Algebra.Polynomial.RingDivision
✔ [2121/2359] Replayed Mathlib.Algebra.Field.Equiv
✔ [2122/2359] Replayed Mathlib.Algebra.Field.Subfield.Basic
✔ [2123/2359] Replayed Mathlib.GroupTheory.OreLocalization.OreSet
✔ [2124/2359] Replayed Mathlib.GroupTheory.OreLocalization.Basic
✔ [2125/2359] Replayed Mathlib.GroupTheory.MonoidLocalization.Basic
✔ [2126/2359] Replayed Mathlib.GroupTheory.MonoidLocalization.Maps
✔ [2127/2359] Replayed Mathlib.RingTheory.OreLocalization.Basic
✔ [2128/2359] Replayed Mathlib.GroupTheory.MonoidLocalization.MonoidWithZero
✔ [2129/2359] Replayed Mathlib.RingTheory.OreLocalization.NonZeroDivisors
✔ [2130/2359] Replayed Mathlib.RingTheory.OreLocalization.Ring
✔ [2131/2359] Replayed Mathlib.RingTheory.Localization.Defs
✔ [2132/2359] Replayed Mathlib.RingTheory.Localization.Basic
✔ [2133/2359] Replayed Mathlib.RingTheory.Localization.FractionRing
✔ [2134/2359] Replayed Mathlib.Algebra.Polynomial.Roots
✔ [2135/2359] Replayed Mathlib.Algebra.Order.Hom.TypeTags
✔ [2136/2359] Replayed Mathlib.Data.Nat.Cast.Field
✔ [2137/2359] Replayed Mathlib.Data.Nat.Factorization.Induction
✔ [2138/2359] Replayed Mathlib.Algebra.CharP.Basic
✔ [2139/2359] Replayed Mathlib.Data.Fintype.Units
✔ [2140/2359] Replayed Mathlib.Data.ZMod.Basic
✔ [2141/2359] Replayed Mathlib.Data.ZMod.IntUnitsPower
✔ [2142/2359] Replayed Mathlib.Algebra.Ring.NegOnePow
✔ [2143/2359] Replayed Mathlib.Algebra.Ring.Periodic
✔ [2144/2359] Replayed Mathlib.Algebra.Group.Nat.Range
✔ [2145/2359] Replayed Mathlib.Data.Nat.Count
✔ [2146/2359] Replayed Mathlib.Data.Nat.Periodic
✔ [2147/2359] Replayed Mathlib.Data.Nat.Totient
✔ [2148/2359] Replayed Mathlib.Algebra.Group.Units.Opposite
✔ [2149/2359] Replayed Mathlib.Algebra.Ring.AddAut
✔ [2150/2359] Replayed Mathlib.Data.ZMod.Aut
✔ [2151/2359] Replayed Mathlib.Data.Nat.Factorization.LCM
✔ [2152/2359] Replayed Mathlib.Tactic.Peel
✔ [2153/2359] Replayed Mathlib.GroupTheory.Exponent
✔ [2154/2359] Replayed Mathlib.Data.ZMod.QuotientGroup
✔ [2155/2359] Replayed Mathlib.GroupTheory.SpecificGroups.Cyclic.Basic
✔ [2156/2359] Replayed Mathlib.GroupTheory.Subgroup.Simple
✔ [2157/2359] Replayed Mathlib.GroupTheory.SpecificGroups.Cyclic
✔ [2158/2359] Replayed Mathlib.RingTheory.IntegralDomain
✔ [2159/2359] Replayed Mathlib.RingTheory.RootsOfUnity.Basic
✔ [2160/2359] Replayed Mathlib.LinearAlgebra.Matrix.SpecialLinearGroup
✔ [2161/2359] Replayed Mathlib.LinearAlgebra.Matrix.GeneralLinearGroup.Defs
✔ [2162/2359] Replayed Mathlib.LinearAlgebra.Matrix.Nondegenerate
✔ [2163/2359] Replayed Mathlib.RingTheory.Localization.Integer
✔ [2164/2359] Replayed Mathlib.LinearAlgebra.Matrix.ToLinearEquiv
✔ [2165/2359] Replayed Mathlib.Algebra.Ring.Action.ConjAct
✔ [2166/2359] Replayed Mathlib.Logic.Equiv.Multiset
✔ [2167/2359] Replayed Mathlib.Logic.Equiv.Finset
✔ [2168/2359] Replayed Mathlib.Logic.Encodable.Pi
✔ [2169/2359] Replayed Mathlib.Data.W.Basic
✔ [2170/2359] Replayed Mathlib.Data.W.Cardinal
✔ [2171/2359] Replayed Mathlib.SetTheory.Cardinal.Subfield
✔ [2172/2359] Replayed Mathlib.LinearAlgebra.Dimension.ErdosKaplansky
✔ [2173/2359] Replayed Mathlib.LinearAlgebra.Matrix.InvariantBasisNumber
✔ [2174/2359] Replayed Mathlib.LinearAlgebra.SesquilinearForm.Basic
✔ [2175/2359] Replayed Mathlib.RingTheory.Finiteness.Projective
✔ [2176/2359] Replayed Mathlib.RingTheory.TensorProduct.Maps
✔ [2177/2359] Replayed Mathlib.LinearAlgebra.Dual.Lemmas
✔ [2178/2359] Replayed Mathlib.LinearAlgebra.GeneralLinearGroup.AlgEquiv
✔ [2179/2359] Replayed Mathlib.LinearAlgebra.Determinant
✔ [2180/2359] Replayed Mathlib.Topology.Algebra.Module.Determinant
✔ [2181/2359] Replayed Mathlib.Topology.Algebra.Module.ModuleTopology
✔ [2182/2359] Replayed Mathlib.Order.Atoms.Finite
✔ [2183/2359] Replayed Mathlib.Order.CompactlyGenerated.Intervals
✔ [2184/2359] Replayed Mathlib.Control.Bifunctor
✔ [2185/2359] Replayed Mathlib.Logic.Equiv.Functor
✔ [2186/2359] Replayed Mathlib.Order.RelSeries
✔ [2187/2359] Replayed Mathlib.Order.JordanHolder
✔ [2188/2359] Replayed Mathlib.RingTheory.Ideal.Colon
✔ [2189/2359] Replayed Mathlib.RingTheory.SimpleModule.Basic
✔ [2190/2359] Replayed Mathlib.Topology.Algebra.Module.Simple
✔ [2191/2359] Replayed Mathlib.Topology.Algebra.SeparationQuotient.FiniteDimensional
✔ [2192/2359] Replayed Mathlib.Topology.Algebra.Module.FiniteDimension
✔ [2193/2359] Replayed Mathlib.Topology.NhdsKer
✔ [2194/2359] Replayed Mathlib.Topology.Compactness.NhdsKer
✔ [2195/2359] Replayed Mathlib.Topology.AlexandrovDiscrete
✔ [2196/2359] Replayed Mathlib.Topology.Connected.LocPathConnected
✔ [2197/2359] Replayed Mathlib.Topology.Algebra.Module.LocallyConvex
✔ [2198/2359] Replayed Mathlib.Analysis.LocallyConvex.Separation
✔ [2199/2359] Replayed Mathlib.Topology.Algebra.UniformConvergence
✔ [2200/2359] Replayed Mathlib.Topology.Algebra.Equicontinuity
✔ [2201/2359] Replayed Mathlib.Topology.MetricSpace.Equicontinuity
✔ [2202/2359] Replayed Mathlib.Topology.Algebra.FilterBasis
✔ [2203/2359] Replayed Mathlib.Analysis.LocallyConvex.WithSeminorms
✔ [2204/2359] Replayed Mathlib.Topology.Algebra.Algebra.Equiv
✔ [2205/2359] Replayed Mathlib.Topology.Algebra.Module.UniformConvergence
✔ [2206/2359] Replayed Mathlib.Topology.Algebra.SeparationQuotient.Section
✔ [2207/2359] Replayed Mathlib.Topology.Algebra.Module.Spaces.UniformConvergenceCLM
✔ [2208/2359] Replayed Mathlib.Topology.Algebra.Module.Spaces.ContinuousLinearMap
✔ [2209/2359] Replayed Mathlib.Analysis.LocallyConvex.SeparatingDual
✔ [2210/2359] Replayed Mathlib.Logic.Equiv.Embedding
✔ [2211/2359] Replayed Mathlib.Data.Fintype.CardEmbedding
✔ [2212/2359] Replayed Mathlib.Topology.Algebra.MetricSpace.Lipschitz
✔ [2213/2359] Replayed Mathlib.Topology.Algebra.Module.Multilinear.Basic
✔ [2214/2359] Replayed Mathlib.Topology.Algebra.Module.Multilinear.Bounded
✔ [2215/2359] Replayed Mathlib.Topology.Algebra.Module.Multilinear.Topology
✔ [2216/2359] Replayed Mathlib.Analysis.Convex.Jensen
✔ [2217/2359] Replayed Mathlib.Analysis.Normed.Module.Convex
✔ [2218/2359] Replayed Mathlib.Tactic.SuppressCompilation
✔ [2219/2359] Replayed Mathlib.Analysis.Normed.Operator.Basic
✔ [2220/2359] Replayed Mathlib.Analysis.Normed.Operator.Bilinear
✔ [2221/2359] Replayed Mathlib.Analysis.Normed.Module.Multilinear.Basic
✔ [2222/2359] Replayed Mathlib.Analysis.Normed.Operator.NNNorm
✔ [2223/2359] Replayed Mathlib.Analysis.Normed.Operator.CompleteCodomain
✔ [2224/2359] Replayed Mathlib.Combinatorics.Enumerative.InclusionExclusion
✔ [2225/2359] Replayed Mathlib.Tactic.Measurability.Init
✔ [2226/2359] Replayed Mathlib.Tactic.Measurability
✔ [2227/2359] Replayed Mathlib.MeasureTheory.MeasurableSpace.Defs
✔ [2228/2359] Replayed Mathlib.MeasureTheory.MeasurableSpace.Basic
✔ [2229/2359] Replayed Mathlib.Data.Finset.Update
✔ [2230/2359] Replayed Mathlib.Data.Prod.TProd
✔ [2231/2359] Replayed Mathlib.GroupTheory.GroupAction.IterateAct
✔ [2232/2359] Replayed Mathlib.MeasureTheory.MeasurableSpace.Instances
✔ [2233/2359] Replayed Mathlib.MeasureTheory.MeasurableSpace.Constructions
✔ [2234/2359] Replayed Mathlib.MeasureTheory.OuterMeasure.Defs
✔ [2235/2359] Replayed Mathlib.MeasureTheory.OuterMeasure.Basic
✔ [2236/2359] Replayed Mathlib.MeasureTheory.OuterMeasure.Operations
✔ [2237/2359] Replayed Mathlib.MeasureTheory.OuterMeasure.OfFunction
✔ [2238/2359] Replayed Mathlib.Data.Set.Dissipate
✔ [2239/2359] Replayed Mathlib.MeasureTheory.PiSystem
✔ [2240/2359] Replayed Mathlib.MeasureTheory.OuterMeasure.Caratheodory
✔ [2241/2359] Replayed Mathlib.MeasureTheory.OuterMeasure.Induced
✔ [2242/2359] Replayed Mathlib.MeasureTheory.OuterMeasure.AE
✔ [2243/2359] Replayed Mathlib.MeasureTheory.Measure.MeasureSpaceDef
✔ [2244/2359] Replayed Mathlib.MeasureTheory.Function.AEMeasurableSequence
✔ [2245/2359] Replayed Mathlib.MeasureTheory.MeasurableSpace.Embedding
✔ [2246/2359] Replayed Mathlib.MeasureTheory.MeasurableSpace.MeasurablyGenerated
✔ [2247/2359] Replayed Mathlib.MeasureTheory.MeasurableSpace.EventuallyMeasurable
✔ [2248/2359] Replayed Mathlib.MeasureTheory.Measure.AEDisjoint
✔ [2249/2359] Replayed Mathlib.MeasureTheory.Measure.NullMeasurable
✔ [2250/2359] Replayed Mathlib.Order.Interval.Set.Monotone
✔ [2251/2359] Replayed Mathlib.Topology.Order.AtTopBotIxx
✔ [2252/2359] Replayed Mathlib.MeasureTheory.Measure.MeasureSpace
✔ [2253/2359] Replayed Mathlib.MeasureTheory.Measure.Map
✔ [2254/2359] Replayed Mathlib.MeasureTheory.Measure.AbsolutelyContinuous
✔ [2255/2359] Replayed Mathlib.MeasureTheory.OuterMeasure.BorelCantelli
✔ [2256/2359] Replayed Mathlib.MeasureTheory.Measure.QuasiMeasurePreserving
✔ [2257/2359] Replayed Mathlib.MeasureTheory.Measure.Comap
✔ [2258/2359] Replayed Mathlib.MeasureTheory.Measure.Restrict
✔ [2259/2359] Replayed Mathlib.MeasureTheory.Measure.Typeclasses.Finite
✔ [2260/2359] Replayed Mathlib.MeasureTheory.Measure.Typeclasses.SFinite
✔ [2261/2359] Replayed Mathlib.MeasureTheory.Measure.Trim
✔ [2262/2359] Replayed Mathlib.Data.Set.MemPartition
✔ [2263/2359] Replayed Mathlib.Order.Filter.CountableSeparatingOn
✔ [2264/2359] Replayed Mathlib.MeasureTheory.MeasurableSpace.CountablyGenerated
✔ [2265/2359] Replayed Mathlib.MeasureTheory.Measure.AEMeasurable
✔ [2266/2359] Replayed Mathlib.MeasureTheory.Order.Lattice
✔ [2267/2359] Replayed Mathlib.MeasureTheory.Group.Arithmetic
✔ [2268/2359] Replayed Mathlib.Topology.Separation.GDelta
✔ [2269/2359] Replayed Mathlib.Topology.GDelta.MetrizableSpace
✔ [2270/2359] Replayed Mathlib.MeasureTheory.Constructions.BorelSpace.Basic
✔ [2271/2359] Replayed Mathlib.MeasureTheory.Constructions.BorelSpace.Order
✔ [2272/2359] Replayed Mathlib.MeasureTheory.Function.SimpleFunc
✔ [2273/2359] Replayed Mathlib.MeasureTheory.Constructions.BorelSpace.Metric
✔ [2274/2359] Replayed Mathlib.MeasureTheory.MeasurableSpace.Prod
✔ [2275/2359] Replayed Mathlib.MeasureTheory.Measure.Typeclasses.NoAtoms
✔ [2276/2359] Replayed Mathlib.Algebra.Field.Periodic
✔ [2277/2359] Replayed Mathlib.Algebra.Order.Monoid.Canonical.Basic
✔ [2278/2359] Replayed Mathlib.Topology.Instances.Real.Lemmas
✔ [2279/2359] Replayed Mathlib.MeasureTheory.Constructions.BorelSpace.Real
✔ [2280/2359] Replayed Mathlib.Topology.Metrizable.Real
✔ [2281/2359] Replayed Mathlib.Topology.IndicatorConstPointwise
✔ [2282/2359] Replayed Mathlib.MeasureTheory.Constructions.BorelSpace.Metrizable
✔ [2283/2359] Replayed Mathlib.MeasureTheory.Function.SimpleFuncDense
✔ [2284/2359] Replayed Mathlib.MeasureTheory.Function.StronglyMeasurable.Basic
✔ [2285/2359] Replayed Mathlib.MeasureTheory.Function.StronglyMeasurable.AEStronglyMeasurable
✔ [2286/2359] Replayed Mathlib.MeasureTheory.Integral.Lebesgue.Basic
✔ [2287/2359] Replayed Mathlib.MeasureTheory.Integral.Lebesgue.Add
✔ [2288/2359] Replayed Mathlib.MeasureTheory.Integral.Lebesgue.Markov
✔ [2289/2359] Replayed Mathlib.MeasureTheory.Integral.Lebesgue.Sub
✔ [2290/2359] Replayed Mathlib.MeasureTheory.Integral.Lebesgue.DominatedConvergence
✔ [2291/2359] Replayed Mathlib.MeasureTheory.Integral.Lebesgue.Norm
✔ [2292/2359] Replayed Mathlib.Order.Filter.Subsingleton
✔ [2293/2359] Replayed Mathlib.Order.Filter.EventuallyConst
✔ [2294/2359] Replayed Mathlib.Dynamics.Ergodic.MeasurePreserving
✔ [2295/2359] Replayed Mathlib.MeasureTheory.Integral.Lebesgue.Map
✔ [2296/2359] Replayed Mathlib.MeasureTheory.Measure.MutuallySingular
✔ [2297/2359] Replayed Mathlib.MeasureTheory.Measure.Typeclasses.Probability
✔ [2298/2359] Replayed Mathlib.MeasureTheory.Measure.Dirac
✔ [2299/2359] Replayed Mathlib.MeasureTheory.Measure.Count
✔ [2300/2359] Replayed Mathlib.MeasureTheory.Integral.Lebesgue.Countable
✔ [2301/2359] Replayed Mathlib.MeasureTheory.Measure.Decomposition.Exhaustion
✔ [2302/2359] Replayed Mathlib.MeasureTheory.Group.Defs
✔ [2303/2359] Replayed Mathlib.MeasureTheory.Measure.GiryMonad
✔ [2304/2359] Replayed Mathlib.MeasureTheory.Measure.OpenPos
✔ [2305/2359] Replayed Mathlib.MeasureTheory.Measure.Doubling
✔ [2306/2359] Replayed Mathlib.MeasureTheory.Measure.Prod
✔ [2307/2359] Replayed Mathlib.MeasureTheory.Group.Convolution
✔ [2308/2359] Replayed Mathlib.Algebra.Group.Pointwise.Set.Card
✔ [2309/2359] Replayed Mathlib.GroupTheory.Complement
✔ [2310/2359] Replayed Mathlib.Dynamics.Minimal
✔ [2311/2359] Replayed Mathlib.MeasureTheory.Group.MeasurableEquiv
✔ [2312/2359] Replayed Mathlib.MeasureTheory.Measure.Regular
✔ [2313/2359] Replayed Mathlib.MeasureTheory.Group.Action
✔ [2314/2359] Replayed Mathlib.MeasureTheory.Group.Pointwise
✔ [2315/2359] Replayed Mathlib.Topology.ContinuousMap.CocompactMap
✔ [2316/2359] Replayed Mathlib.MeasureTheory.Group.Measure
✔ [2317/2359] Replayed Mathlib.MeasureTheory.Group.Prod
✔ [2318/2359] Replayed Mathlib.MeasureTheory.Group.LIntegral
✔ [2319/2359] Replayed Mathlib.Analysis.LConvolution
✔ [2320/2359] Replayed Mathlib.MeasureTheory.Measure.WithDensity
✔ [2321/2359] Replayed Mathlib.MeasureTheory.Function.L1Space.HasFiniteIntegral
✔ [2322/2359] Replayed Mathlib.MeasureTheory.Function.Egorov
✔ [2323/2359] Replayed Mathlib.Algebra.Field.NegOnePow
✔ [2324/2359] Replayed Mathlib.Algebra.QuadraticDiscriminant
✔ [2325/2359] Replayed Mathlib.Algebra.Ring.Torsion
✔ [2326/2359] Replayed Mathlib.Data.Complex.Basic
✔ [2327/2359] Replayed Mathlib.Analysis.Complex.Norm
✔ [2328/2359] Replayed Mathlib.Analysis.Complex.Order
✔ [2329/2359] Replayed Mathlib.Data.Complex.BigOperators
✔ [2330/2359] Replayed Mathlib.Algebra.CharP.Invertible
✔ [2331/2359] Replayed Mathlib.LinearAlgebra.Complex.Module
✔ [2332/2359] Replayed Mathlib.Topology.Algebra.InfiniteSum.Module
✔ [2333/2359] Replayed Mathlib.Topology.Instances.RealVectorSpace
✔ [2334/2359] Replayed Mathlib.Analysis.Complex.Basic
✔ [2335/2359] Replayed Mathlib.Analysis.Asymptotics.Theta
✔ [2336/2359] Replayed Mathlib.Analysis.Complex.Asymptotics
✔ [2337/2359] Replayed Mathlib.Algebra.Order.CauSeq.BigOperators
✔ [2338/2359] Replayed Mathlib.Analysis.Complex.Exponential
✔ [2339/2359] Replayed Mathlib.Tactic.NormNum.NatFactorial
✔ [2340/2359] Replayed Mathlib.Analysis.Complex.Trigonometric
✔ [2341/2359] Replayed Mathlib.Analysis.SpecialFunctions.Exp
✔ [2342/2359] Replayed Mathlib.Analysis.SpecialFunctions.Trigonometric.Basic
✔ [2343/2359] Replayed Mathlib.Analysis.Normed.Group.Quotient
✔ [2344/2359] Replayed Mathlib.Data.Int.SuccPred
✔ [2345/2359] Replayed Mathlib.Order.Circular
✔ [2346/2359] Replayed Mathlib.Algebra.Order.Interval.Set.Group
✔ [2347/2359] Replayed Mathlib.GroupTheory.QuotientGroup.ModEq
✔ [2348/2359] Replayed Mathlib.Algebra.Order.ToIntervalMod
✔ [2349/2359] Replayed Mathlib.GroupTheory.Divisible
✔ [2350/2359] Replayed Mathlib.Topology.Instances.AddCircle.Defs
✔ [2351/2359] Replayed Mathlib.Algebra.Group.Subgroup.ZPowers.Lemmas
✔ [2352/2359] Replayed Mathlib.Topology.Instances.ZMultiples
✔ [2353/2359] Replayed Mathlib.Topology.Instances.AddCircle.Real
✔ [2354/2359] Replayed Mathlib.Analysis.Normed.Group.AddCircle
✔ [2355/2359] Replayed Mathlib.Algebra.CharZero.Quotient
✔ [2356/2359] Replayed Mathlib.Topology.Instances.Sign
✔ [2357/2359] Replayed Mathlib.Algebra.Order.Ring.Interval
✔ [2358/2731] Ran job computation
✔ [2359/2731] Replayed Mathlib.Analysis.SpecialFunctions.Trigonometric.Angle
✔ [2360/2731] Replayed Mathlib.Analysis.SpecialFunctions.Trigonometric.Inverse
✔ [2361/2731] Replayed Mathlib.Analysis.SpecialFunctions.Complex.Arg
✔ [2362/2731] Replayed Mathlib.Analysis.SpecialFunctions.Log.Basic
✔ [2363/2731] Replayed Mathlib.Analysis.SpecialFunctions.Complex.Log
✔ [2364/2731] Replayed Mathlib.Analysis.SpecialFunctions.Pow.Complex
✔ [2365/2731] Replayed Mathlib.Data.Nat.NthRoot.Defs
✔ [2366/2731] Replayed Mathlib.Analysis.SpecialFunctions.Pow.Real
✔ [2367/2731] Replayed Mathlib.Tactic.Qify
✔ [2368/2731] Replayed Mathlib.Tactic.Rify
✔ [2369/2731] Replayed Mathlib.Analysis.SpecialFunctions.Pow.NNReal
✔ [2370/2731] Replayed Mathlib.Analysis.SpecialFunctions.Pow.Asymptotics
✔ [2371/2731] Replayed Mathlib.Analysis.SpecialFunctions.Pow.Continuity
✔ [2372/2731] Replayed Mathlib.Order.Filter.Germ.Basic
✔ [2373/2731] Replayed Mathlib.Topology.Compactness.CompactlyCoherentSpace
✔ [2374/2731] Replayed Mathlib.Topology.UniformSpace.CompactConvergence
✔ [2375/2731] Replayed Mathlib.Topology.ContinuousMap.Algebra
✔ [2376/2731] Replayed Mathlib.MeasureTheory.Function.AEEqFun
✔ [2377/2731] Replayed Mathlib.Order.Filter.ENNReal
✔ [2378/2731] Replayed Mathlib.Probability.ConditionalProbability
✔ [2379/2731] Replayed Mathlib.MeasureTheory.MeasurableSpace.Pi
✔ [2380/2731] Replayed Mathlib.MeasureTheory.Constructions.Pi
✔ [2381/2731] Replayed Mathlib.Probability.UniformOn
✔ [2382/2731] Replayed Mathlib.MeasureTheory.Function.EssSup
✔ [2383/2731] Replayed Mathlib.MeasureTheory.Function.LpSeminorm.Defs
✔ [2384/2731] Replayed Mathlib.MeasureTheory.Constructions.BorelSpace.Complex
✔ [2385/2731] Replayed Mathlib.MeasureTheory.Function.SpecialFunctions.Basic
✔ [2386/2731] Replayed Mathlib.MeasureTheory.Function.LpSeminorm.Basic
✔ [2387/2731] Replayed Mathlib.MeasureTheory.Function.LpSeminorm.ChebyshevMarkov
✔ [2388/2731] Replayed Mathlib.Data.ENNReal.Holder
✔ [2389/2731] Replayed Mathlib.Analysis.Normed.Group.Indicator
✔ [2390/2731] Replayed Mathlib.MeasureTheory.Function.LpSeminorm.Indicator
✔ [2391/2731] Replayed Mathlib.MeasureTheory.Function.LpSeminorm.Monotonicity
✔ [2392/2731] Replayed Mathlib.MeasureTheory.Function.LpSeminorm.SMul
✔ [2393/2731] Replayed Mathlib.Algebra.BigOperators.Field
✔ [2394/2731] Replayed Mathlib.Analysis.Convex.Slope
✔ [2395/2731] Replayed Mathlib.Analysis.Convex.SpecificFunctions.Basic
✔ [2396/2731] Replayed Mathlib.Data.Real.ConjExponents
✔ [2397/2731] Replayed Mathlib.Analysis.MeanInequalities
✔ [2398/2731] Replayed Mathlib.Order.Monotone.Monovary
✔ [2399/2731] Replayed Mathlib.Algebra.Order.Monovary
✔ [2400/2731] Replayed Mathlib.Analysis.Convex.Mul
✔ [2401/2731] Replayed Mathlib.Analysis.MeanInequalitiesPow
✔ [2402/2731] Replayed Mathlib.MeasureTheory.Integral.MeanInequalities
✔ [2403/2731] Replayed Mathlib.MeasureTheory.Function.LpSeminorm.CompareExp
✔ [2404/2731] Replayed Mathlib.MeasureTheory.Function.LpSeminorm.TriangleInequality
✔ [2405/2731] Replayed Mathlib.MeasureTheory.Function.LpSpace.Basic
✔ [2406/2731] Replayed Mathlib.MeasureTheory.Function.LpSpace.Complete
✔ [2407/2731] Replayed Mathlib.MeasureTheory.Function.ConvergenceInMeasure
✔ [2408/2731] Replayed Mathlib.MeasureTheory.Function.LpOrder
✔ [2409/2731] Replayed Mathlib.Topology.Algebra.Ring.Ideal
✔ [2410/2731] Replayed Mathlib.Analysis.Normed.Ring.Units
✔ [2411/2731] Replayed Mathlib.Analysis.Normed.Module.Span
✔ [2412/2731] Replayed Mathlib.Analysis.Normed.Operator.NormedSpace
✔ [2413/2731] Replayed Mathlib.Analysis.Normed.Operator.Mul
✔ [2414/2731] Replayed Mathlib.Analysis.Normed.Operator.BoundedLinearMaps
✔ [2415/2731] Replayed Mathlib.MeasureTheory.Function.StronglyMeasurable.Lemmas
✔ [2416/2731] Replayed Mathlib.MeasureTheory.Function.L1Space.Integrable
✔ [2417/2731] Replayed Mathlib.MeasureTheory.Measure.Real
✔ [2418/2731] Replayed Mathlib.Order.Filter.IndicatorFunction
✔ [2419/2731] Replayed Mathlib.MeasureTheory.Function.LpSpace.Indicator
✔ [2420/2731] Replayed Mathlib.MeasureTheory.Integral.IntegrableOn
✔ [2421/2731] Replayed Mathlib.MeasureTheory.Function.LocallyIntegrable
✔ [2422/2731] Replayed Mathlib.MeasureTheory.Function.L1Space.AEEqFun
✔ [2423/2731] Replayed Mathlib.MeasureTheory.Function.SimpleFuncDenseLp
✔ [2424/2731] Replayed Mathlib.MeasureTheory.Integral.FinMeasAdditive
✔ [2425/2731] Replayed Mathlib.Analysis.Normed.Operator.Extend
✔ [2426/2731] Replayed Mathlib.MeasureTheory.Integral.SetToL1
✔ [2427/2731] Replayed Mathlib.MeasureTheory.Integral.Bochner.L1
✔ [2428/2731] Replayed Mathlib.MeasureTheory.Integral.Bochner.Basic
✔ [2429/2731] Replayed Mathlib.Analysis.Asymptotics.AsymptoticEquivalent
✔ [2430/2731] Replayed Mathlib.Analysis.Normed.Group.Lemmas
✔ [2431/2731] Replayed Mathlib.Analysis.Normed.Group.AddTorsor
✔ [2432/2731] Replayed Mathlib.Topology.Algebra.ContinuousAffineMap
✔ [2433/2731] Replayed Mathlib.Topology.Algebra.AffineSubspace
✔ [2434/2731] Replayed Mathlib.Topology.Algebra.ContinuousAffineEquiv
✔ [2435/2731] Replayed Mathlib.Analysis.Normed.Affine.Isometry
✔ [2436/2731] Replayed Mathlib.Analysis.Normed.Operator.Compact
✔ [2437/2731] Replayed Mathlib.Analysis.Normed.Module.RCLike.Basic
✔ [2438/2731] Replayed Mathlib.Analysis.Normed.Module.RieszLemma
✔ [2439/2731] Replayed Mathlib.Topology.Instances.Matrix
✔ [2440/2731] Replayed Mathlib.LinearAlgebra.Dimension.LinearMap
✔ [2441/2731] Replayed Mathlib.Analysis.Normed.Module.FiniteDimension
✔ [2442/2731] Replayed Mathlib.MeasureTheory.Integral.Bochner.SumMeasure
✔ [2443/2731] Replayed Mathlib.Algebra.Module.MinimalAxioms
✔ [2444/2731] Replayed Mathlib.Topology.Algebra.Indicator
✔ [2445/2731] Replayed Mathlib.Topology.Bornology.BoundedOperation
✔ [2446/2731] Replayed Mathlib.Topology.ContinuousMap.Bounded.Basic
✔ [2447/2731] Replayed Mathlib.Topology.ContinuousMap.Bounded.Normed
✔ [2448/2731] Replayed Mathlib.Topology.ContinuousMap.Star
✔ [2449/2731] Replayed Mathlib.Topology.ContinuousMap.Bounded.Star
✔ [2450/2731] Replayed Mathlib.Topology.Sets.Closeds
✔ [2451/2731] Replayed Mathlib.Topology.NoetherianSpace
✔ [2452/2731] Replayed Mathlib.Topology.QuasiSeparated
✔ [2453/2731] Replayed Mathlib.Topology.Sets.Compacts
✔ [2454/2731] Replayed Mathlib.Topology.ContinuousMap.Compact
✔ [2455/2731] Replayed Mathlib.Topology.MetricSpace.ThickenedIndicator
✔ [2456/2731] Replayed Mathlib.MeasureTheory.Integral.Bochner.Set
✔ [2457/2731] Replayed Mathlib.Topology.ContinuousMap.ContinuousMapZero
✔ [2458/2731] Replayed Mathlib.MeasureTheory.Integral.Bochner.ContinuousLinearMap
✔ [2459/2731] Replayed Mathlib.LinearAlgebra.Matrix.Diagonal
✔ [2460/2731] Replayed Mathlib.MeasureTheory.Integral.Marginal
✔ [2461/2731] Replayed Mathlib.Topology.Order.LeftRightLim
✔ [2462/2731] Replayed Mathlib.MeasureTheory.Measure.Stieltjes
✔ [2463/2731] Replayed Mathlib.MeasureTheory.Measure.Content
✔ [2464/2731] Replayed Mathlib.Topology.Algebra.Group.Compact
✔ [2465/2731] Replayed Mathlib.MeasureTheory.Measure.Haar.Basic
✔ [2466/2731] Replayed Mathlib.Analysis.InnerProductSpace.Defs
✔ [2467/2731] Replayed Mathlib.Analysis.InnerProductSpace.Basic
✔ [2468/2731] Replayed Mathlib.Analysis.InnerProductSpace.Projection.Minimal
✔ [2469/2731] Replayed Mathlib.Analysis.InnerProductSpace.Continuous
✔ [2470/2731] Replayed Mathlib.Analysis.InnerProductSpace.LinearMap
✔ [2471/2731] Replayed Mathlib.Analysis.InnerProductSpace.Orthonormal
✔ [2472/2731] Replayed Mathlib.Analysis.InnerProductSpace.Subspace
✔ [2473/2731] Replayed Mathlib.Topology.MetricSpace.Gluing
✔ [2474/2731] Replayed Mathlib.Topology.Metrizable.CompletelyMetrizable
✔ [2475/2731] Replayed Mathlib.Topology.Baire.CompleteMetrizable
✔ [2476/2731] Replayed Mathlib.Analysis.Normed.Operator.Banach
✔ [2477/2731] Replayed Mathlib.Topology.Algebra.Module.ClosedSubmodule
✔ [2478/2731] Replayed Mathlib.Analysis.InnerProductSpace.Orthogonal
✔ [2479/2731] Replayed Mathlib.Analysis.InnerProductSpace.Symmetric
✔ [2480/2731] Replayed Mathlib.Analysis.RCLike.Lemmas
✔ [2481/2731] Replayed Mathlib.Analysis.InnerProductSpace.Projection.Basic
✔ [2482/2731] Replayed Mathlib.Analysis.InnerProductSpace.Projection.Reflection
✔ [2483/2731] Replayed Mathlib.Analysis.InnerProductSpace.Projection.Submodule
✔ [2484/2731] Replayed Mathlib.Algebra.DirectSum.Decomposition
✔ [2485/2731] Replayed Mathlib.Analysis.InnerProductSpace.Projection.FiniteDimensional
✔ [2486/2731] Replayed Mathlib.Analysis.Normed.Lp.WithLp
✔ [2487/2731] Replayed Mathlib.Analysis.Normed.Lp.ProdLp
✔ [2488/2731] Replayed Mathlib.Analysis.Normed.Lp.PiLp
✔ [2489/2731] Replayed Mathlib.Analysis.Normed.Lp.Matrix
✔ [2490/2731] Replayed Mathlib.Data.Matrix.Reflection
✔ [2491/2731] Replayed Mathlib.LinearAlgebra.UnitaryGroup
✔ [2492/2731] Replayed Mathlib.Util.Superscript
✔ [2493/2731] Replayed Mathlib.Analysis.InnerProductSpace.PiL2
✔ [2494/2731] Replayed Mathlib.MeasureTheory.Measure.Haar.OfBasis
✔ [2495/2731] Replayed Mathlib.MeasureTheory.Measure.Lebesgue.Basic
✔ [2496/2731] Replayed Mathlib.MeasureTheory.Topology
✔ [2497/2731] Replayed Mathlib.MeasureTheory.Integral.IntervalIntegral.Basic
✔ [2498/2731] Replayed Mathlib.MeasureTheory.Integral.DominatedConvergence
✔ [2499/2731] Replayed Mathlib.Data.Fintype.Sort
✔ [2500/2731] Replayed Mathlib.LinearAlgebra.Multilinear.Curry
✔ [2501/2731] Replayed Mathlib.Analysis.Normed.Module.Multilinear.Curry
✔ [2502/2731] Replayed Mathlib.Analysis.Calculus.FormalMultilinearSeries
✔ [2503/2731] Replayed Mathlib.Analysis.Analytic.ConvergenceRadius
✔ [2504/2731] Replayed Mathlib.Analysis.Analytic.Basic
✔ [2505/2731] Replayed Mathlib.Analysis.Analytic.ChangeOrigin
✔ [2506/2731] Replayed Mathlib.Analysis.Analytic.CPolynomialDef
✔ [2507/2731] Replayed Mathlib.Analysis.Analytic.Composition
✔ [2508/2731] Replayed Mathlib.Analysis.Analytic.Linear
✔ [2509/2731] Replayed Mathlib.Analysis.Analytic.OfScalars
✔ [2510/2731] Replayed Mathlib.Analysis.Analytic.Constructions
✔ [2511/2731] Replayed Mathlib.Analysis.Analytic.CPolynomial
✔ [2512/2731] Replayed Mathlib.Tactic.Positivity.Finset
✔ [2513/2731] Replayed Mathlib.Tactic.Positivity
✔ [2514/2731] Replayed Mathlib.Analysis.Analytic.Inverse
✔ [2515/2731] Replayed Mathlib.Analysis.Analytic.Within
✔ [2516/2731] Replayed Mathlib.Analysis.Convex.EGauge
✔ [2517/2731] Replayed Mathlib.Analysis.Asymptotics.TVS
✔ [2518/2731] Replayed Mathlib.Analysis.Calculus.FDeriv.Defs
✔ [2519/2731] Replayed Mathlib.Analysis.Normed.Operator.Asymptotics
✔ [2520/2731] Replayed Mathlib.Analysis.Calculus.TangentCone.Defs
✔ [2521/2731] Replayed Mathlib.Analysis.Calculus.TangentCone.Basic
✔ [2522/2731] Replayed Mathlib.Analysis.Calculus.FDeriv.Basic
✔ [2523/2731] Replayed Mathlib.Analysis.Calculus.FDeriv.Congr
✔ [2524/2731] Replayed Mathlib.Analysis.Calculus.FDeriv.Const
✔ [2525/2731] Replayed Mathlib.Analysis.Calculus.TangentCone.DimOne
✔ [2526/2731] Replayed Mathlib.Analysis.Calculus.TangentCone.Real
✔ [2527/2731] Replayed Mathlib.Analysis.Calculus.Deriv.Basic
✔ [2528/2731] Replayed Mathlib.Analysis.Calculus.FDeriv.Linear
✔ [2529/2731] Replayed Mathlib.Analysis.Calculus.FDeriv.Comp
✔ [2530/2731] Replayed Mathlib.Analysis.Calculus.FDeriv.Add
✔ [2531/2731] Replayed Mathlib.Analysis.Calculus.FDeriv.Equiv
✔ [2532/2731] Replayed Mathlib.Data.ENat.Lattice
✔ [2533/2731] Replayed Mathlib.Analysis.Calculus.ContDiff.FTaylorSeries
✔ [2534/2731] Replayed Mathlib.Analysis.Calculus.FDeriv.Prod
✔ [2535/2731] Replayed Mathlib.Topology.Algebra.GroupCompletion
✔ [2536/2731] Replayed Mathlib.Algebra.Ring.TransferInstance
✔ [2537/2731] Replayed Mathlib.Topology.Algebra.UniformRing
✔ [2538/2731] Replayed Mathlib.Topology.MetricSpace.Completion
✔ [2539/2731] Replayed Mathlib.Analysis.Normed.Group.Completion
✔ [2540/2731] Replayed Mathlib.Topology.Algebra.UniformField
✔ [2541/2731] Replayed Mathlib.Analysis.Normed.Module.Completion
✔ [2542/2731] Replayed Mathlib.Analysis.Calculus.FDeriv.Analytic
✔ [2543/2731] Replayed Mathlib.Analysis.Calculus.FDeriv.Bilinear
✔ [2544/2731] Replayed Mathlib.Analysis.Calculus.FDeriv.Mul
✔ [2545/2731] Replayed Mathlib.Analysis.Calculus.FDeriv.Pow
✔ [2546/2731] Replayed Mathlib.Analysis.Calculus.Deriv.Pow
✔ [2547/2731] Replayed Mathlib.Analysis.Calculus.Deriv.Support
✔ [2548/2731] Replayed Mathlib.Topology.Algebra.Module.Alternating.Basic
✔ [2549/2731] Replayed Mathlib.Topology.Algebra.Module.Alternating.Topology
✔ [2550/2731] Replayed Mathlib.Analysis.Normed.Module.Alternating.Basic
✔ [2551/2731] Replayed Mathlib.Analysis.Calculus.FDeriv.CompCLM
✔ [2552/2731] Replayed Mathlib.Analysis.Calculus.Deriv.Mul
✔ [2553/2731] Replayed Mathlib.Analysis.Calculus.FDeriv.RestrictScalars
✔ [2554/2731] Replayed Mathlib.Analysis.Calculus.Deriv.Comp
✔ [2555/2731] Replayed Mathlib.Analysis.Calculus.Deriv.Inv
✔ [2556/2731] Replayed Mathlib.Analysis.Calculus.Deriv.Add
✔ [2557/2731] Replayed Mathlib.Analysis.Calculus.Deriv.CompMul
✔ [2558/2731] Replayed Mathlib.Analysis.Calculus.Deriv.Shift
✔ [2559/2731] Replayed Mathlib.Analysis.Calculus.Deriv.ZPow
✔ [2560/2731] Replayed Mathlib.Analysis.Calculus.Deriv.Linear
✔ [2561/2731] Replayed Mathlib.Analysis.Calculus.Deriv.AffineMap
✔ [2562/2731] Replayed Mathlib.LinearAlgebra.AffineSpace.Slope
✔ [2563/2731] Replayed Mathlib.Topology.Perfect
✔ [2564/2731] Replayed Mathlib.Topology.Algebra.Module.PerfectSpace
✔ [2565/2731] Replayed Mathlib.Analysis.Calculus.Deriv.Slope
✔ [2566/2731] Replayed Mathlib.Topology.LocallyConstant.Basic
✔ [2567/2731] Replayed Mathlib.Analysis.Calculus.MeanValue
✔ [2568/2731] Replayed Mathlib.Analysis.Calculus.DSlope
✔ [2569/2731] Replayed Mathlib.Analysis.Analytic.Uniqueness
✔ [2570/2731] Replayed Mathlib.Analysis.Analytic.IsolatedZeros
✔ [2571/2731] Replayed Mathlib.Analysis.Calculus.LogDeriv
✔ [2572/2731] Replayed Mathlib.Analysis.Calculus.ContDiff.Defs
✔ [2573/2731] Replayed Mathlib.Analysis.Calculus.ContDiff.RCLike
✔ [2574/2731] Replayed Mathlib.Analysis.Calculus.FDeriv.Affine
✔ [2575/2731] Replayed Mathlib.Analysis.Calculus.ContDiff.Basic
✔ [2576/2731] Replayed Mathlib.Analysis.Calculus.ContDiff.FaaDiBruno
✔ [2577/2731] Replayed Mathlib.Analysis.Calculus.ContDiff.Comp
✔ [2578/2731] Replayed Mathlib.Analysis.Calculus.ContDiff.Deriv
✔ [2579/2731] Replayed Mathlib.Analysis.Calculus.Deriv.Inverse
✔ [2580/2731] Replayed Mathlib.Topology.OpenPartialHomeomorph.IsImage
✔ [2581/2731] Replayed Mathlib.Analysis.Calculus.ContDiff.Operations
✔ [2582/2731] Replayed Mathlib.Analysis.Calculus.IteratedDeriv.Defs
✔ [2583/2731] Replayed Mathlib.Analysis.Calculus.IteratedDeriv.Lemmas
✔ [2584/2731] Replayed Mathlib.Analysis.Complex.RealDeriv
✔ [2585/2731] Replayed Mathlib.Algebra.Algebra.TransferInstance
✔ [2586/2731] Replayed Mathlib.Data.Nat.Factorial.Cast
✔ [2587/2731] Replayed Mathlib.Data.Nat.Choose.Cast
✔ [2588/2731] Replayed Mathlib.Analysis.Normed.Algebra.Exponential
✔ [2589/2731] Replayed Mathlib.Topology.MetricSpace.CauSeqFilter
✔ [2590/2731] Replayed Mathlib.Analysis.SpecialFunctions.Exponential
✔ [2591/2731] Replayed Mathlib.Analysis.SpecialFunctions.ExpDeriv
✔ [2592/2731] Replayed Mathlib.Analysis.Calculus.LocalExtr.Basic
✔ [2593/2731] Replayed Mathlib.Topology.ExtendFrom
✔ [2594/2731] Replayed Mathlib.Topology.Order.ExtendFrom
✔ [2595/2731] Replayed Mathlib.Topology.Order.Rolle
✔ [2596/2731] Replayed Mathlib.Analysis.Calculus.LocalExtr.Rolle
✔ [2597/2731] Replayed Mathlib.Analysis.Calculus.Deriv.MeanValue
✔ [2598/2731] Replayed Mathlib.Analysis.SpecialFunctions.Log.Deriv
✔ [2599/2731] Replayed Mathlib.Analysis.Convex.Deriv
✔ [2600/2731] Replayed Mathlib.Analysis.SpecialFunctions.Log.NegMulLog
✔ [2601/2731] Replayed Mathlib.MeasureTheory.Constructions.BorelSpace.ContinuousLinearMap
✔ [2602/2731] Replayed Mathlib.Analysis.Calculus.FDeriv.Measurable
✔ [2603/2731] Replayed Mathlib.Topology.Algebra.Module.Spaces.WeakBilin
✔ [2604/2731] Replayed Mathlib.Analysis.LocallyConvex.Polar
✔ [2605/2731] Replayed Mathlib.Analysis.Normed.Module.RCLike.Extend
✔ [2606/2731] Replayed Mathlib.Analysis.Normed.Module.HahnBanach
✔ [2607/2731] Replayed Mathlib.Analysis.Convex.TotallyBounded
✔ [2608/2731] Replayed Mathlib.Analysis.LocallyConvex.AbsConvex
✔ [2609/2731] Replayed Mathlib.Analysis.Normed.Module.Dual
✔ [2610/2731] Replayed Mathlib.MeasureTheory.Integral.Bochner.FundThmCalculus
✔ [2611/2731] Replayed Mathlib.MeasureTheory.Integral.Bochner.VitaliCaratheodory
✔ [2612/2731] Replayed Mathlib.Analysis.Calculus.TangentCone.Prod
✔ [2613/2731] Replayed Mathlib.MeasureTheory.Integral.IntervalIntegral.FundThmCalculus
✔ [2614/2731] Replayed Mathlib.Analysis.SpecialFunctions.NonIntegrable
✔ [2615/2731] Replayed Mathlib.Analysis.Calculus.InverseFunctionTheorem.ApproximatesLinearOn
✔ [2616/2731] Replayed Mathlib.Analysis.Calculus.InverseFunctionTheorem.FDeriv
✔ [2617/2731] Replayed Mathlib.Analysis.Calculus.InverseFunctionTheorem.Deriv
✔ [2618/2731] Replayed Mathlib.Analysis.Calculus.InverseFunctionTheorem.Analytic
✔ [2619/2731] Replayed Mathlib.Analysis.Analytic.Order
✔ [2620/2731] Replayed Mathlib.Analysis.Meromorphic.Basic
✔ [2621/2731] Replayed Mathlib.Analysis.SpecialFunctions.Complex.LogDeriv
✔ [2622/2731] Replayed Mathlib.Analysis.Calculus.FDeriv.Extend
✔ [2623/2731] Replayed Mathlib.Analysis.Calculus.Deriv.Prod
✔ [2624/2731] Replayed Mathlib.Analysis.SpecialFunctions.Trigonometric.Deriv
✔ [2625/2731] Replayed Mathlib.Analysis.SpecialFunctions.Pow.Deriv
✔ [2626/2731] Replayed Mathlib.Analysis.SpecialFunctions.Integrability.Basic
✔ [2627/2731] Replayed Mathlib.MeasureTheory.Measure.Lebesgue.EqHaar
✔ [2628/2731] Replayed Mathlib.MeasureTheory.Integral.Layercake
✔ [2629/2731] Replayed Mathlib.Analysis.SpecialFunctions.JapaneseBracket
✔ [2630/2731] Replayed Mathlib.Analysis.SpecialFunctions.Sqrt
✔ [2631/2731] Replayed Mathlib.Analysis.Convex.SpecificFunctions.Deriv
✔ [2632/2731] Replayed Mathlib.Analysis.SpecialFunctions.Trigonometric.Complex
✔ [2633/2731] Replayed Mathlib.Analysis.SpecialFunctions.Trigonometric.Arctan
✔ [2634/2731] Replayed Mathlib.Analysis.SpecialFunctions.Trigonometric.ComplexDeriv
✔ [2635/2731] Replayed Mathlib.Analysis.SpecialFunctions.Trigonometric.ArctanDeriv
✔ [2636/2731] Replayed Mathlib.Analysis.SpecialFunctions.Trigonometric.Bounds
✔ [2637/2731] Replayed Mathlib.Analysis.SpecialFunctions.Trigonometric.Sinc
✔ [2638/2731] Replayed Mathlib.MeasureTheory.Covering.VitaliFamily
✔ [2639/2731] Replayed Mathlib.MeasureTheory.Function.AEMeasurableOrder
✔ [2640/2731] Replayed Mathlib.MeasureTheory.Integral.Average
✔ [2641/2731] Replayed Mathlib.MeasureTheory.Measure.Decomposition.Hahn
✔ [2642/2731] Replayed Mathlib.MeasureTheory.Function.StronglyMeasurable.ENNReal
✔ [2643/2731] Replayed Mathlib.MeasureTheory.Function.AEEqOfLIntegral
✔ [2644/2731] Replayed Mathlib.MeasureTheory.Measure.Sub
✔ [2645/2731] Replayed Mathlib.MeasureTheory.Measure.Decomposition.Lebesgue
✔ [2646/2731] Replayed Mathlib.MeasureTheory.Covering.Differentiation
✔ [2647/2731] Replayed Mathlib.MeasureTheory.Covering.Besicovitch
✔ [2648/2731] Replayed Mathlib.MeasureTheory.Covering.BesicovitchVectorSpace
✔ [2649/2731] Replayed Mathlib.Analysis.Normed.Group.FunctionSeries
✔ [2650/2731] Replayed Mathlib.Topology.MetricSpace.PiNat
✔ [2651/2731] Replayed Mathlib.Topology.MetricSpace.Polish
✔ [2652/2731] Replayed Mathlib.Topology.MetricSpace.CantorScheme
✔ [2653/2731] Replayed Mathlib.Topology.MetricSpace.Perfect
✔ [2654/2731] Replayed Mathlib.Topology.Separation.CountableSeparatingOn
✔ [2655/2731] Replayed Mathlib.MeasureTheory.Constructions.Polish.Basic
✔ [2656/2731] Replayed Mathlib.MeasureTheory.Function.Jacobian
✔ [2657/2731] Replayed Mathlib.MeasureTheory.Function.JacobianOneDim
✔ [2658/2731] Replayed Mathlib.MeasureTheory.Integral.IntervalIntegral.IntegrationByParts
✔ [2659/2731] Replayed Mathlib.Analysis.SpecialFunctions.Integrals.Basic
✔ [2660/2731] Replayed Mathlib.MeasureTheory.Group.Integral
✔ [2661/2731] Replayed Mathlib.LinearAlgebra.Matrix.Block
✔ [2662/2731] Replayed Mathlib.Analysis.InnerProductSpace.GramSchmidtOrtho
✔ [2663/2731] Replayed Mathlib.LinearAlgebra.Orientation
✔ [2664/2731] Replayed Mathlib.Analysis.InnerProductSpace.Orientation
✔ [2665/2731] Replayed Mathlib.Analysis.InnerProductSpace.ProdL2
✔ [2666/2731] Replayed Mathlib.Analysis.Normed.Lp.MeasurableSpace
✔ [2667/2731] Replayed Mathlib.MeasureTheory.Measure.Haar.InnerProductSpace
✔ [2668/2731] Replayed Mathlib.MeasureTheory.Measure.Haar.NormedSpace
✔ [2669/2731] Replayed Mathlib.MeasureTheory.Function.LpSeminorm.Prod
✔ [2670/2731] Replayed Mathlib.MeasureTheory.Integral.Prod
✔ [2671/2731] Replayed Mathlib.Analysis.Normed.Affine.AddTorsor
✔ [2672/2731] Replayed Mathlib.LinearAlgebra.AffineSpace.Ordered
✔ [2673/2731] Replayed Mathlib.Topology.UrysohnsLemma
✔ [2674/2731] Replayed Mathlib.MeasureTheory.Measure.EverywherePos
✔ [2675/2731] Replayed Mathlib.Topology.Metrizable.Urysohn
✔ [2676/2731] Replayed Mathlib.Topology.ContinuousMap.Ordered
✔ [2677/2731] Replayed Mathlib.MeasureTheory.Measure.Haar.Unique
✔ [2678/2731] Replayed Mathlib.MeasureTheory.Integral.IntegralEqImproper
✔ [2679/2731] Replayed Mathlib.MeasureTheory.Measure.Lebesgue.Integral
✔ [2680/2731] Replayed Mathlib.Analysis.SpecialFunctions.ImproperIntegrals
✔ [2681/2731] Replayed Mathlib.MeasureTheory.Integral.Asymptotics
✔ [2682/2731] Replayed Mathlib.MeasureTheory.Integral.ExpDecay
✔ [2683/2731] Replayed Mathlib.Analysis.SpecialFunctions.Gamma.Basic
✔ [2684/2731] Replayed Mathlib.Analysis.Convolution
✔ [2685/2731] Replayed Mathlib.Topology.FiberBundle.IsHomeomorphicTrivialBundle
✔ [2686/2731] Replayed Mathlib.Analysis.Complex.ReImTopology
✔ [2687/2731] Replayed Mathlib.Analysis.Complex.Convex
✔ [2688/2731] Replayed Mathlib.Analysis.SpecificLimits.RCLike
✔ [2689/2731] Replayed Mathlib.Analysis.SpecialFunctions.Complex.LogBounds
✔ [2690/2731] Replayed Mathlib.MeasureTheory.Integral.PeakFunction
✔ [2691/2731] Replayed Mathlib.Analysis.SpecialFunctions.Trigonometric.EulerSineProd
✔ [2692/2731] Replayed Mathlib.Analysis.Calculus.ParametricIntegral
✔ [2693/2731] Replayed Mathlib.Analysis.MellinTransform
✔ [2694/2731] Replayed Mathlib.Analysis.SpecialFunctions.Gamma.Deriv
✔ [2695/2731] Replayed Mathlib.MeasureTheory.Measure.Lebesgue.Complex
✔ [2696/2731] Replayed Mathlib.Topology.OpenPartialHomeomorph.Composition
✔ [2697/2731] Replayed Mathlib.Analysis.SpecialFunctions.PolarCoord
✔ [2698/2731] Replayed Mathlib.Data.Nat.Factorial.DoubleFactorial
✔ [2699/2731] Replayed Mathlib.Analysis.SpecialFunctions.Gaussian.GaussianIntegral
✔ [2700/2731] Replayed Mathlib.Analysis.SpecialFunctions.Gamma.BohrMollerup
✔ [2701/2731] Replayed Mathlib.Analysis.Calculus.DiffContOnCl
✔ [2702/2731] Replayed Mathlib.Algebra.CharZero.Infinite
✔ [2703/2731] Replayed Mathlib.Data.Rat.Cardinal
✔ [2704/2731] Replayed Mathlib.SetTheory.Cardinal.Continuum
✔ [2705/2731] Replayed Mathlib.Analysis.Real.Cardinality
✔ [2706/2731] Replayed Mathlib.Analysis.SpecialFunctions.Complex.CircleMap
✔ [2707/2731] Replayed Mathlib.MeasureTheory.Group.FundamentalDomain
✔ [2708/2731] Replayed Mathlib.MeasureTheory.Measure.Haar.Quotient
✔ [2709/2731] Replayed Mathlib.Order.Filter.AtTopBot.Floor
✔ [2710/2731] Replayed Mathlib.Topology.Algebra.Order.Floor
✔ [2711/2731] Replayed Mathlib.MeasureTheory.Integral.IntervalIntegral.Periodic
✔ [2712/2731] Replayed Mathlib.MeasureTheory.Integral.CircleIntegral
✔ [2713/2731] Replayed Mathlib.Analysis.BoxIntegral.Box.Basic
✔ [2714/2731] Replayed Mathlib.Analysis.BoxIntegral.Box.SubboxInduction
✔ [2715/2731] Replayed Mathlib.Analysis.BoxIntegral.Partition.Basic
✔ [2716/2731] Replayed Mathlib.Analysis.BoxIntegral.Partition.Tagged
✔ [2717/2731] Replayed Mathlib.Analysis.BoxIntegral.Partition.SubboxInduction
✔ [2718/2731] Replayed Mathlib.Analysis.BoxIntegral.Partition.Split
✔ [2719/2731] Replayed Mathlib.Analysis.BoxIntegral.Partition.Filter
✔ [2720/2731] Replayed Mathlib.Analysis.BoxIntegral.Partition.Additive
✔ [2721/2731] Replayed Mathlib.Analysis.BoxIntegral.Partition.Measure
✔ [2722/2731] Replayed Mathlib.Analysis.Oscillation
✔ [2723/2731] Replayed Mathlib.Analysis.BoxIntegral.Basic
✔ [2724/2731] Replayed Mathlib.Analysis.BoxIntegral.DivergenceTheorem
✔ [2725/2731] Replayed Mathlib.Analysis.BoxIntegral.Integrability
✔ [2726/2731] Replayed Mathlib.MeasureTheory.Integral.DivergenceTheorem
✔ [2727/2731] Replayed Mathlib.Analysis.Complex.CauchyIntegral
✔ [2728/2731] Replayed Mathlib.Analysis.SpecialFunctions.Gamma.Beta
✖ [2729/2731] Building EllipseLab.Shape (5.6s)
trace: .> LEAN_PATH=E:\Lean\EllipseLab\.lake\packages\Cli\.lake\build\lib\lean;E:\Lean\EllipseLab\.lake\packages\batteries\.lake\build\lib\lean;E:\Lean\EllipseLab\.lake\packages\Qq\.lake\build\lib\lean;E:\Lean\EllipseLab\.lake\packages\aesop\.lake\build\lib\lean;E:\Lean\EllipseLab\.lake\packages\proofwidgets\.lake\build\lib\lean;E:\Lean\EllipseLab\.lake\packages\importGraph\.lake\build\lib\lean;E:\Lean\EllipseLab\.lake\packages\LeanSearchClient\.lake\build\lib\lean;E:\Lean\EllipseLab\.lake\packages\plausible\.lake\build\lib\lean;E:\Lean\EllipseLab\.lake\packages\mathlib\.lake\build\lib\lean;E:\Lean\EllipseLab\.lake\build\lib\lean c:\Users\Naraphim\.elan\toolchains\leanprover--lean4---v4.30.0-rc2\bin\lean.exe E:\Lean\EllipseLab\EllipseLab\Shape.lean -o E:\Lean\EllipseLab\.lake\build\lib\lean\EllipseLab\Shape.olean -i E:\Lean\EllipseLab\.lake\build\lib\lean\EllipseLab\Shape.ilean -c E:\Lean\EllipseLab\.lake\build\ir\EllipseLab\Shape.c --setup E:\Lean\EllipseLab\.lake\build\ir\EllipseLab\Shape.setup.json --json
error: EllipseLab/Shape.lean:19:11: unexpected token 'λ'; expected '_' or identifier
error: EllipseLab/Shape.lean:22:20: unexpected token 'λ'; expected '_' or identifier
error: EllipseLab/Shape.lean:25:11: unexpected token 'λ'; expected '_' or identifier
error: EllipseLab/Shape.lean:29:4: Unknown identifier `Omega`

Note: It is not possible to treat `Omega` as an implicitly bound variable here because it has multiple characters while the `relaxedAutoImplicit` option is set to `false`.
error: Lean exited with code 1
✔ [2730/2731] Ran EllipseLab
✔ [2731/2731] Ran EllipseLab/EllipseLab:default
Some required targets logged failures:
- EllipseLab.Shape
error: build failed

===== result =====
ExitCode: 1
LogFile: E:\Lean\EllipseLab\logs\lean_build_20260420_180927.log
